timestamp,device_id,temperature,humidity,pressure,rain_raw,rain_detected
2026-09-12T00:00:00Z,station01,33.07,56.22,1007.93,2831,0
2026-09-12T00:01:00Z,station01,32.79,56.06,1007.98,2761,0
2026-09-12T00:02:00Z,station01,32.93,57.11,1008.03,2760,0
2026-09-12T00:03:00Z,station01,32.84,56.31,1008.1,2761,0
2026-09-12T00:04:00Z,station01,33.02,56.33,1008.37,2781,0
2026-09-12T00:05:00Z,station01,32.85,56.31,1007.91,2801,0
2026-09-12T00:06:00Z,station01,33.07,56.02,1008.26,2839,0
2026-09-12T00:07:00Z,station01,33.2,56.02,1008.21,2820,0
2026-09-12T00:08:00Z,station01,32.92,56.39,1008.04,2787,0
2026-09-12T00:09:00Z,station01,32.83,55.29,1008.07,2818,0
2026-09-12T00:10:00Z,station01,32.97,55.48,1008.05,2797,0
2026-09-12T00:11:00Z,station01,33.5,55.68,1008.16,2785,0
2026-09-12T00:12:00Z,station01,32.96,56.19,1008.03,2760,0
2026-09-12T00:13:00Z,station01,33.14,56.56,1008.2,2752,0
2026-09-12T00:14:00Z,station01,33.09,54.98,1007.98,2756,0
2026-09-12T00:15:00Z,station01,32.79,55.64,1008.25,2776,0
2026-09-12T00:16:00Z,station01,33.12,55.37,1008.15,2844,0
2026-09-12T00:17:00Z,station01,33.02,56.29,1008.3,2752,0
2026-09-12T00:18:00Z,station01,33.22,55.49,1008.15,2832,0
2026-09-12T00:19:00Z,station01,32.84,55.29,1008.27,2775,0
2026-09-12T00:20:00Z,station01,33.0,55.54,1008.27,2767,0
2026-09-12T00:21:00Z,station01,33.14,54.92,1007.99,2800,0
2026-09-12T00:22:00Z,station01,33.16,55.0,1008.31,2754,0
2026-09-12T00:23:00Z,station01,33.26,55.87,1008.35,2794,0
2026-09-12T00:24:00Z,station01,33.01,56.35,1008.38,2840,0
2026-09-12T00:25:00Z,station01,32.89,55.59,1008.31,2774,0
2026-09-12T00:26:00Z,station01,33.21,55.72,1008.28,2758,0
2026-09-12T00:27:00Z,station01,32.9,55.36,1008.29,2799,0
2026-09-12T00:28:00Z,station01,33.26,55.46,1008.33,2770,0
2026-09-12T00:29:00Z,station01,33.57,55.27,1008.42,2834,0
2026-09-12T00:30:00Z,station01,32.94,55.6,1008.24,2842,0
2026-09-12T00:31:00Z,station01,33.06,55.66,1008.32,2823,0
2026-09-12T00:32:00Z,station01,33.37,55.22,1008.28,2833,0
2026-09-12T00:33:00Z,station01,33.0,54.56,1008.11,2792,0
2026-09-12T00:34:00Z,station01,33.08,54.47,1008.46,2847,0
2026-09-12T00:35:00Z,station01,33.18,55.53,1008.36,2753,0
2026-09-12T00:36:00Z,station01,32.86,54.57,1008.43,2826,0
2026-09-12T00:37:00Z,station01,33.04,54.25,1008.34,2832,0
2026-09-12T00:38:00Z,station01,33.1,54.96,1008.46,2774,0
2026-09-12T00:39:00Z,station01,33.26,55.97,1008.31,2759,0
2026-09-12T00:40:00Z,station01,33.27,54.29,1008.47,2831,0
2026-09-12T00:41:00Z,station01,33.23,54.84,1008.47,2839,0
2026-09-12T00:42:00Z,station01,33.6,54.68,1008.47,2762,0
2026-09-12T00:43:00Z,station01,33.59,54.76,1008.53,2803,0
2026-09-12T00:44:00Z,station01,33.22,54.57,1008.43,2834,0
2026-09-12T00:45:00Z,station01,33.28,55.96,1008.49,2799,0
2026-09-12T00:46:00Z,station01,33.19,55.48,1008.34,2786,0
2026-09-12T00:47:00Z,station01,33.25,54.62,1008.55,2804,0
2026-09-12T00:48:00Z,station01,33.37,54.98,1008.64,2758,0
2026-09-12T00:49:00Z,station01,33.18,54.93,1008.57,2842,0
2026-09-12T00:50:00Z,station01,32.9,55.34,1008.59,2810,0
2026-09-12T00:51:00Z,station01,33.29,55.17,1008.67,2762,0
2026-09-12T00:52:00Z,station01,33.35,54.44,1008.63,2802,0
2026-09-12T00:53:00Z,station01,33.23,55.03,1008.64,2759,0
2026-09-12T00:54:00Z,station01,33.48,56.17,1008.47,2825,0
2026-09-12T00:55:00Z,station01,33.3,54.61,1008.57,2773,0
2026-09-12T00:56:00Z,station01,33.2,55.14,1008.65,2762,0
2026-09-12T00:57:00Z,station01,33.1,54.94,1008.75,2811,0
2026-09-12T00:58:00Z,station01,33.39,54.49,1008.58,2767,0
2026-09-12T00:59:00Z,station01,33.33,55.1,1008.46,2838,0
2026-09-12T01:00:00Z,station01,33.24,54.73,1008.6,2796,0
2026-09-12T01:01:00Z,station01,33.39,54.74,1008.63,2814,0
2026-09-12T01:02:00Z,station01,33.12,53.76,1008.46,2798,0
2026-09-12T01:03:00Z,station01,33.11,54.05,1008.56,2800,0
2026-09-12T01:04:00Z,station01,33.54,55.09,1008.69,2789,0
2026-09-12T01:05:00Z,station01,33.48,54.5,1008.64,2833,0
2026-09-12T01:06:00Z,station01,33.34,54.42,1008.73,2774,0
2026-09-12T01:07:00Z,station01,33.33,55.06,1008.72,2793,0
2026-09-12T01:08:00Z,station01,33.46,53.9,1008.7,2775,0
2026-09-12T01:09:00Z,station01,33.24,54.26,1008.69,2809,0
2026-09-12T01:10:00Z,station01,33.89,55.11,1008.51,2797,0
2026-09-12T01:11:00Z,station01,33.39,55.15,1008.81,2807,0
2026-09-12T01:12:00Z,station01,33.35,55.13,1008.9,2800,0
2026-09-12T01:13:00Z,station01,33.58,54.1,1008.73,2750,0
2026-09-12T01:14:00Z,station01,33.41,54.14,1008.85,2811,0
2026-09-12T01:15:00Z,station01,33.88,54.55,1008.61,2820,0
2026-09-12T01:16:00Z,station01,33.78,54.04,1008.67,2817,0
2026-09-12T01:17:00Z,station01,33.6,54.59,1008.74,2800,0
2026-09-12T01:18:00Z,station01,33.5,53.91,1008.78,2829,0
2026-09-12T01:19:00Z,station01,33.47,55.2,1008.61,2822,0
2026-09-12T01:20:00Z,station01,33.61,53.98,1008.57,2809,0
2026-09-12T01:21:00Z,station01,33.59,53.72,1008.83,2817,0
2026-09-12T01:22:00Z,station01,33.35,54.87,1008.75,2845,0
2026-09-12T01:23:00Z,station01,33.5,52.87,1008.78,2820,0
2026-09-12T01:24:00Z,station01,33.51,54.16,1008.8,2809,0
2026-09-12T01:25:00Z,station01,33.71,54.29,1008.88,2772,0
2026-09-12T01:26:00Z,station01,33.61,54.93,1008.9,2800,0
2026-09-12T01:27:00Z,station01,33.31,54.23,1008.82,2773,0
2026-09-12T01:28:00Z,station01,33.1,54.01,1008.84,2832,0
2026-09-12T01:29:00Z,station01,33.48,54.67,1008.71,2763,0
2026-09-12T01:30:00Z,station01,33.64,53.94,1008.89,2793,0
2026-09-12T01:31:00Z,station01,33.32,55.12,1008.82,2792,0
2026-09-12T01:32:00Z,station01,33.68,53.91,1008.91,2790,0
2026-09-12T01:33:00Z,station01,33.43,53.52,1008.65,2808,0
2026-09-12T01:34:00Z,station01,33.82,53.81,1008.77,2773,0
2026-09-12T01:35:00Z,station01,33.8,54.36,1008.85,2821,0
2026-09-12T01:36:00Z,station01,33.19,53.99,1008.89,2799,0
2026-09-12T01:37:00Z,station01,33.47,54.05,1008.97,2811,0
2026-09-12T01:38:00Z,station01,33.53,54.65,1008.85,2789,0
2026-09-12T01:39:00Z,station01,33.18,54.0,1008.99,2761,0
2026-09-12T01:40:00Z,station01,33.6,54.22,1008.97,2786,0
2026-09-12T01:41:00Z,station01,33.27,54.18,1008.93,2825,0
2026-09-12T01:42:00Z,station01,33.85,54.09,1008.9,2762,0
2026-09-12T01:43:00Z,station01,33.84,53.74,1008.89,2812,0
2026-09-12T01:44:00Z,station01,33.66,54.1,1009.0,2816,0
2026-09-12T01:45:00Z,station01,33.41,54.35,1008.95,2785,0
2026-09-12T01:46:00Z,station01,33.47,53.54,1008.96,2807,0
2026-09-12T01:47:00Z,station01,33.44,54.48,1009.12,2772,0
2026-09-12T01:48:00Z,station01,33.42,53.99,1008.75,2762,0
2026-09-12T01:49:00Z,station01,33.34,54.27,1009.1,2781,0
2026-09-12T01:50:00Z,station01,33.76,53.93,1008.78,2796,0
2026-09-12T01:51:00Z,station01,33.71,53.34,1009.15,2813,0
2026-09-12T01:52:00Z,station01,33.37,54.79,1008.75,2777,0
2026-09-12T01:53:00Z,station01,33.49,53.9,1009.04,2782,0
2026-09-12T01:54:00Z,station01,33.62,53.21,1009.14,2770,0
2026-09-12T01:55:00Z,station01,33.58,53.17,1008.89,2797,0
2026-09-12T01:56:00Z,station01,33.36,53.78,1009.03,2813,0
2026-09-12T01:57:00Z,station01,33.57,54.14,1009.14,2771,0
2026-09-12T01:58:00Z,station01,33.89,53.8,1009.1,2832,0
2026-09-12T01:59:00Z,station01,33.21,54.46,1008.99,2815,0
2026-09-12T02:00:00Z,station01,33.55,54.39,1009.12,2818,0
2026-09-12T02:01:00Z,station01,33.17,54.1,1009.19,2752,0
2026-09-12T02:02:00Z,station01,33.52,54.04,1009.08,2820,0
2026-09-12T02:03:00Z,station01,33.36,55.01,1009.13,2808,0
2026-09-12T02:04:00Z,station01,33.47,54.55,1009.08,2844,0
2026-09-12T02:05:00Z,station01,33.6,54.67,1009.02,2811,0
2026-09-12T02:06:00Z,station01,33.7,54.13,1009.09,2821,0
2026-09-12T02:07:00Z,station01,33.53,53.8,1009.01,2778,0
2026-09-12T02:08:00Z,station01,33.89,53.58,1009.14,2768,0
2026-09-12T02:09:00Z,station01,33.52,54.42,1009.13,2838,0
2026-09-12T02:10:00Z,station01,33.55,54.15,1009.18,2849,0
2026-09-12T02:11:00Z,station01,33.33,53.99,1009.14,2807,0
2026-09-12T02:12:00Z,station01,33.12,54.35,1009.27,2822,0
2026-09-12T02:13:00Z,station01,33.83,54.16,1008.91,2751,0
2026-09-12T02:14:00Z,station01,33.59,54.03,1009.19,2797,0
2026-09-12T02:15:00Z,station01,33.44,54.04,1009.1,2818,0
2026-09-12T02:16:00Z,station01,33.39,54.54,1009.06,2755,0
2026-09-12T02:17:00Z,station01,33.36,54.13,1009.2,2790,0
2026-09-12T02:18:00Z,station01,33.75,53.77,1009.18,2814,0
2026-09-12T02:19:00Z,station01,33.38,54.2,1008.93,2810,0
2026-09-12T02:20:00Z,station01,33.23,54.11,1009.16,2754,0
2026-09-12T02:21:00Z,station01,33.7,54.07,1009.1,2800,0
2026-09-12T02:22:00Z,station01,33.85,54.55,1009.11,2815,0
2026-09-12T02:23:00Z,station01,33.74,54.22,1009.12,2829,0
2026-09-12T02:24:00Z,station01,33.1,54.98,1008.94,2779,0
2026-09-12T02:25:00Z,station01,33.4,54.4,1009.08,2760,0
2026-09-12T02:26:00Z,station01,33.3,53.31,1009.21,2835,0
2026-09-12T02:27:00Z,station01,33.62,54.48,1008.84,2806,0
2026-09-12T02:28:00Z,station01,33.45,54.98,1009.06,2839,0
2026-09-12T02:29:00Z,station01,33.3,54.31,1009.17,2819,0
2026-09-12T02:30:00Z,station01,33.37,53.45,1009.18,2832,0
2026-09-12T02:31:00Z,station01,32.98,54.72,1009.38,2828,0
2026-09-12T02:32:00Z,station01,33.49,54.07,1009.12,2838,0
2026-09-12T02:33:00Z,station01,33.59,54.06,1009.15,2807,0
2026-09-12T02:34:00Z,station01,33.41,54.24,1009.26,2769,0
2026-09-12T02:35:00Z,station01,33.57,54.79,1009.21,2792,0
2026-09-12T02:36:00Z,station01,33.59,54.34,1009.32,2796,0
2026-09-12T02:37:00Z,station01,33.64,54.21,1009.24,2841,0
2026-09-12T02:38:00Z,station01,33.52,54.4,1009.16,2812,0
2026-09-12T02:39:00Z,station01,33.53,54.8,1009.22,2798,0
2026-09-12T02:40:00Z,station01,33.14,54.37,1009.21,2765,0
2026-09-12T02:41:00Z,station01,33.61,54.74,1009.07,2769,0
2026-09-12T02:42:00Z,station01,33.67,54.91,1009.19,2828,0
2026-09-12T02:43:00Z,station01,33.45,54.31,1009.3,2784,0
2026-09-12T02:44:00Z,station01,33.26,55.13,1009.14,2779,0
2026-09-12T02:45:00Z,station01,33.27,54.35,1009.09,2804,0
2026-09-12T02:46:00Z,station01,33.36,55.22,1009.3,2763,0
2026-09-12T02:47:00Z,station01,33.4,54.25,1009.08,2820,0
2026-09-12T02:48:00Z,station01,33.68,53.72,1009.21,2800,0
2026-09-12T02:49:00Z,station01,33.6,54.88,1009.11,2802,0
2026-09-12T02:50:00Z,station01,33.35,54.73,1009.22,2836,0
2026-09-12T02:51:00Z,station01,33.3,54.56,1009.04,2765,0
2026-09-12T02:52:00Z,station01,33.26,54.04,1009.34,2780,0
2026-09-12T02:53:00Z,station01,33.21,55.0,1009.16,2843,0
2026-09-12T02:54:00Z,station01,33.33,55.03,1009.12,2757,0
2026-09-12T02:55:00Z,station01,33.42,54.41,1009.23,2799,0
2026-09-12T02:56:00Z,station01,33.36,55.08,1009.16,2801,0
2026-09-12T02:57:00Z,station01,33.11,55.13,1009.19,2784,0
2026-09-12T02:58:00Z,station01,33.06,54.36,1009.04,2808,0
2026-09-12T02:59:00Z,station01,33.31,54.98,1009.2,2780,0
2026-09-12T03:00:00Z,station01,33.26,54.9,1009.02,2770,0
2026-09-12T03:01:00Z,station01,33.17,54.39,1009.25,2756,0
2026-09-12T03:02:00Z,station01,33.38,55.25,1009.36,2774,0
2026-09-12T03:03:00Z,station01,33.43,53.79,1009.14,2835,0
2026-09-12T03:04:00Z,station01,32.96,55.41,1009.34,2796,0
2026-09-12T03:05:00Z,station01,33.45,54.35,1009.25,2760,0
2026-09-12T03:06:00Z,station01,33.33,55.38,1009.23,2784,0
2026-09-12T03:07:00Z,station01,33.37,54.13,1009.09,2796,0
2026-09-12T03:08:00Z,station01,33.29,55.12,1009.14,2830,0
2026-09-12T03:09:00Z,station01,33.25,54.99,1009.36,2816,0
2026-09-12T03:10:00Z,station01,33.26,56.13,1009.31,2764,0
2026-09-12T03:11:00Z,station01,33.1,54.2,1009.34,2811,0
2026-09-12T03:12:00Z,station01,33.17,55.12,1009.13,2758,0
2026-09-12T03:13:00Z,station01,33.25,55.31,1009.16,2847,0
2026-09-12T03:14:00Z,station01,33.16,55.72,1009.1,2849,0
2026-09-12T03:15:00Z,station01,33.27,55.31,1009.12,2817,0
2026-09-12T03:16:00Z,station01,33.25,54.29,1009.17,2769,0
2026-09-12T03:17:00Z,station01,33.35,55.09,1009.15,2826,0
2026-09-12T03:18:00Z,station01,32.96,55.43,1009.0,2774,0
2026-09-12T03:19:00Z,station01,33.35,54.16,1009.06,2830,0
2026-09-12T03:20:00Z,station01,33.36,54.88,1009.24,2751,0
2026-09-12T03:21:00Z,station01,33.2,55.24,1009.15,2763,0
2026-09-12T03:22:00Z,station01,32.73,55.48,1009.36,2843,0
2026-09-12T03:23:00Z,station01,33.52,55.12,1009.26,2810,0
2026-09-12T03:24:00Z,station01,33.08,55.69,1009.24,2801,0
2026-09-12T03:25:00Z,station01,33.28,55.48,1009.1,2756,0
2026-09-12T03:26:00Z,station01,33.07,55.35,1009.28,2790,0
2026-09-12T03:27:00Z,station01,33.51,54.73,1009.06,2831,0
2026-09-12T03:28:00Z,station01,33.4,54.31,1009.03,2781,0
2026-09-12T03:29:00Z,station01,33.23,55.59,1008.95,2815,0
2026-09-12T03:30:00Z,station01,33.22,55.17,1009.09,2829,0
2026-09-12T03:31:00Z,station01,33.08,55.36,1009.05,2808,0
2026-09-12T03:32:00Z,station01,32.89,55.35,1009.14,2815,0
2026-09-12T03:33:00Z,station01,32.84,55.59,1009.2,2837,0
2026-09-12T03:34:00Z,station01,33.14,55.02,1009.09,2769,0
2026-09-12T03:35:00Z,station01,33.0,56.16,1009.18,2780,0
2026-09-12T03:36:00Z,station01,33.23,55.74,1009.25,2765,0
2026-09-12T03:37:00Z,station01,32.88,55.67,1008.93,2771,0
2026-09-12T03:38:00Z,station01,33.1,56.19,1009.03,2751,0
2026-09-12T03:39:00Z,station01,33.47,54.55,1009.21,2830,0
2026-09-12T03:40:00Z,station01,33.08,55.87,1009.15,2838,0
2026-09-12T03:41:00Z,station01,32.93,55.39,1009.17,2841,0
2026-09-12T03:42:00Z,station01,32.93,55.46,1009.24,2800,0
2026-09-12T03:43:00Z,station01,33.12,55.37,1009.26,2822,0
2026-09-12T03:44:00Z,station01,33.0,55.68,1009.05,2818,0
2026-09-12T03:45:00Z,station01,32.97,56.25,1009.1,2779,0
2026-09-12T03:46:00Z,station01,33.13,55.59,1009.1,2822,0
2026-09-12T03:47:00Z,station01,32.99,55.8,1009.24,2840,0
2026-09-12T03:48:00Z,station01,33.03,56.52,1009.17,2785,0
2026-09-12T03:49:00Z,station01,32.96,55.78,1009.12,2793,0
2026-09-12T03:50:00Z,station01,33.01,55.61,1009.11,2782,0
2026-09-12T03:51:00Z,station01,33.13,55.77,1009.12,2841,0
2026-09-12T03:52:00Z,station01,32.8,56.24,1009.22,2846,0
2026-09-12T03:53:00Z,station01,32.99,57.13,1009.1,2800,0
2026-09-12T03:54:00Z,station01,32.76,57.17,1008.91,2768,0
2026-09-12T03:55:00Z,station01,32.43,57.5,1008.96,2776,0
2026-09-12T03:56:00Z,station01,32.96,56.46,1008.94,2778,0
2026-09-12T03:57:00Z,station01,32.92,55.99,1008.95,2780,0
2026-09-12T03:58:00Z,station01,32.47,55.63,1009.13,2825,0
2026-09-12T03:59:00Z,station01,32.62,55.47,1008.99,2782,0
2026-09-12T04:00:00Z,station01,32.91,55.16,1009.18,2799,0
2026-09-12T04:01:00Z,station01,32.97,56.65,1009.04,2788,0
2026-09-12T04:02:00Z,station01,32.87,56.45,1008.96,2788,0
2026-09-12T04:03:00Z,station01,32.86,56.25,1009.06,2795,0
2026-09-12T04:04:00Z,station01,32.67,56.2,1009.03,2782,0
2026-09-12T04:05:00Z,station01,32.57,55.95,1009.04,2818,0
2026-09-12T04:06:00Z,station01,32.84,56.68,1009.12,2805,0
2026-09-12T04:07:00Z,station01,33.14,56.4,1009.14,2759,0
2026-09-12T04:08:00Z,station01,32.81,57.47,1009.02,2839,0
2026-09-12T04:09:00Z,station01,32.75,57.24,1008.87,2792,0
2026-09-12T04:10:00Z,station01,33.06,57.12,1009.0,2784,0
2026-09-12T04:11:00Z,station01,33.01,57.77,1009.18,2832,0
2026-09-12T04:12:00Z,station01,32.99,56.96,1009.16,2799,0
2026-09-12T04:13:00Z,station01,32.69,56.01,1009.13,2761,0
2026-09-12T04:14:00Z,station01,32.98,55.92,1008.92,2788,0
2026-09-12T04:15:00Z,station01,32.5,57.54,1008.84,2827,0
2026-09-12T04:16:00Z,station01,32.82,57.16,1009.07,2793,0
2026-09-12T04:17:00Z,station01,32.78,57.44,1008.77,2802,0
2026-09-12T04:18:00Z,station01,32.42,56.88,1008.93,2823,0
2026-09-12T04:19:00Z,station01,32.84,56.77,1008.86,2845,0
2026-09-12T04:20:00Z,station01,32.77,57.35,1008.7,2847,0
2026-09-12T04:21:00Z,station01,32.63,56.66,1008.97,2772,0
2026-09-12T04:22:00Z,station01,32.64,56.92,1008.73,2775,0
2026-09-12T04:23:00Z,station01,32.94,56.28,1008.99,2765,0
2026-09-12T04:24:00Z,station01,32.58,57.61,1008.87,2803,0
2026-09-12T04:25:00Z,station01,32.59,57.4,1008.72,2804,0
2026-09-12T04:26:00Z,station01,32.82,57.51,1009.02,2837,0
2026-09-12T04:27:00Z,station01,32.7,57.69,1008.84,2837,0
2026-09-12T04:28:00Z,station01,32.42,59.06,1008.78,2786,0
2026-09-12T04:29:00Z,station01,32.74,57.81,1008.9,2788,0
2026-09-12T04:30:00Z,station01,32.45,56.56,1008.84,2775,0
2026-09-12T04:31:00Z,station01,32.75,57.4,1008.89,2789,0
2026-09-12T04:32:00Z,station01,32.2,57.77,1008.87,2762,0
2026-09-12T04:33:00Z,station01,32.43,57.53,1008.9,2790,0
2026-09-12T04:34:00Z,station01,32.22,58.09,1008.78,2772,0
2026-09-12T04:35:00Z,station01,32.59,58.45,1008.67,2827,0
2026-09-12T04:36:00Z,station01,32.62,57.54,1008.79,2807,0
2026-09-12T04:37:00Z,station01,32.15,57.31,1008.81,2840,0
2026-09-12T04:38:00Z,station01,32.62,58.3,1008.76,2762,0
2026-09-12T04:39:00Z,station01,32.31,58.46,1008.6,2793,0
2026-09-12T04:40:00Z,station01,32.76,58.5,1008.79,2794,0
2026-09-12T04:41:00Z,station01,32.71,57.96,1008.69,2770,0
2026-09-12T04:42:00Z,station01,32.43,57.41,1008.74,2809,0
2026-09-12T04:43:00Z,station01,32.7,58.54,1008.66,2768,0
2026-09-12T04:44:00Z,station01,32.17,58.21,1008.75,2775,0
2026-09-12T04:45:00Z,station01,32.63,58.61,1008.72,2800,0
2026-09-12T04:46:00Z,station01,32.34,58.27,1008.66,2821,0
2026-09-12T04:47:00Z,station01,32.22,57.04,1008.82,2764,0
2026-09-12T04:48:00Z,station01,32.34,59.11,1008.63,2774,0
2026-09-12T04:49:00Z,station01,31.96,59.82,1008.6,2824,0
2026-09-12T04:50:00Z,station01,32.35,58.25,1008.74,2837,0
2026-09-12T04:51:00Z,station01,32.32,58.85,1008.76,2819,0
2026-09-12T04:52:00Z,station01,32.26,59.19,1008.65,2830,0
2026-09-12T04:53:00Z,station01,32.5,58.78,1008.59,2836,0
2026-09-12T04:54:00Z,station01,32.34,59.19,1008.72,2841,0
2026-09-12T04:55:00Z,station01,32.23,58.18,1008.63,2786,0
2026-09-12T04:56:00Z,station01,32.14,59.38,1008.7,2820,0
2026-09-12T04:57:00Z,station01,32.22,58.48,1008.6,2778,0
2026-09-12T04:58:00Z,station01,32.21,58.95,1008.62,2847,0
2026-09-12T04:59:00Z,station01,32.16,60.0,1008.73,2794,0
2026-09-12T05:00:00Z,station01,32.02,58.59,1008.77,2768,0
2026-09-12T05:01:00Z,station01,32.34,59.38,1008.48,2772,0
2026-09-12T05:02:00Z,station01,32.13,59.41,1008.63,2775,0
2026-09-12T05:03:00Z,station01,32.16,58.76,1008.52,2848,0
2026-09-12T05:04:00Z,station01,32.27,59.48,1008.43,2756,0
2026-09-12T05:05:00Z,station01,32.09,59.89,1008.81,2785,0
2026-09-12T05:06:00Z,station01,31.91,58.89,1008.48,2791,0
2026-09-12T05:07:00Z,station01,32.16,60.09,1008.41,2773,0
2026-09-12T05:08:00Z,station01,32.29,59.51,1008.44,2762,0
2026-09-12T05:09:00Z,station01,32.0,59.52,1008.39,2837,0
2026-09-12T05:10:00Z,station01,31.85,59.83,1008.48,2849,0
2026-09-12T05:11:00Z,station01,31.99,61.27,1008.51,2837,0
2026-09-12T05:12:00Z,station01,32.23,60.13,1008.74,2833,0
2026-09-12T05:13:00Z,station01,31.99,59.73,1008.58,2832,0
2026-09-12T05:14:00Z,station01,32.08,60.1,1008.58,2777,0
2026-09-12T05:15:00Z,station01,32.01,60.71,1008.47,2802,0
2026-09-12T05:16:00Z,station01,31.9,59.99,1008.4,2825,0
2026-09-12T05:17:00Z,station01,31.93,60.6,1008.56,2766,0
2026-09-12T05:18:00Z,station01,31.99,60.62,1008.42,2788,0
2026-09-12T05:19:00Z,station01,32.03,60.6,1008.37,2791,0
2026-09-12T05:20:00Z,station01,31.82,60.47,1008.49,2782,0
2026-09-12T05:21:00Z,station01,31.84,61.03,1008.54,2844,0
2026-09-12T05:22:00Z,station01,31.66,60.9,1008.22,2788,0
2026-09-12T05:23:00Z,station01,32.01,61.41,1008.31,2816,0
2026-09-12T05:24:00Z,station01,31.82,60.82,1008.24,2843,0
2026-09-12T05:25:00Z,station01,31.44,61.74,1008.49,2764,0
2026-09-12T05:26:00Z,station01,32.25,61.03,1008.42,2769,0
2026-09-12T05:27:00Z,station01,31.56,60.13,1008.32,2788,0
2026-09-12T05:28:00Z,station01,31.49,60.74,1008.17,2793,0
2026-09-12T05:29:00Z,station01,31.82,61.02,1008.45,2753,0
2026-09-12T05:30:00Z,station01,31.85,60.88,1008.18,2822,0
2026-09-12T05:31:00Z,station01,32.08,62.05,1008.27,2797,0
2026-09-12T05:32:00Z,station01,31.73,61.84,1008.35,2810,0
2026-09-12T05:33:00Z,station01,31.71,61.0,1008.36,2765,0
2026-09-12T05:34:00Z,station01,31.86,61.83,1008.37,2786,0
2026-09-12T05:35:00Z,station01,31.47,61.06,1008.43,2756,0
2026-09-12T05:36:00Z,station01,31.91,61.22,1008.26,2775,0
2026-09-12T05:37:00Z,station01,31.71,61.63,1008.37,2774,0
2026-09-12T05:38:00Z,station01,31.92,61.94,1008.2,2838,0
2026-09-12T05:39:00Z,station01,31.4,61.79,1008.22,2792,0
2026-09-12T05:40:00Z,station01,31.73,61.45,1008.23,2846,0
2026-09-12T05:41:00Z,station01,31.74,62.6,1008.18,2768,0
2026-09-12T05:42:00Z,station01,31.08,61.93,1008.13,2763,0
2026-09-12T05:43:00Z,station01,31.61,61.53,1008.24,2768,0
2026-09-12T05:44:00Z,station01,31.72,62.57,1008.26,2812,0
2026-09-12T05:45:00Z,station01,31.45,61.71,1008.13,2758,0
2026-09-12T05:46:00Z,station01,31.7,61.53,1008.26,2818,0
2026-09-12T05:47:00Z,station01,31.69,62.24,1008.14,2753,0
2026-09-12T05:48:00Z,station01,31.25,62.33,1008.1,2822,0
2026-09-12T05:49:00Z,station01,31.27,61.5,1008.08,2802,0
2026-09-12T05:50:00Z,station01,31.52,62.6,1008.18,2836,0
2026-09-12T05:51:00Z,station01,31.55,62.8,1008.06,2811,0
2026-09-12T05:52:00Z,station01,31.23,62.21,1007.92,2756,0
2026-09-12T05:53:00Z,station01,31.29,62.39,1008.03,2801,0
2026-09-12T05:54:00Z,station01,31.62,62.98,1008.18,2759,0
2026-09-12T05:55:00Z,station01,31.1,62.61,1008.1,2788,0
2026-09-12T05:56:00Z,station01,31.01,62.76,1007.99,2796,0
2026-09-12T05:57:00Z,station01,31.02,63.01,1007.98,2795,0
2026-09-12T05:58:00Z,station01,31.7,61.81,1008.14,2757,0
2026-09-12T05:59:00Z,station01,31.63,63.15,1008.02,2790,0
2026-09-12T06:00:00Z,station01,31.49,62.92,1007.8,2751,0
2026-09-12T06:01:00Z,station01,31.45,62.44,1008.05,2818,0
2026-09-12T06:02:00Z,station01,31.33,62.6,1008.09,2834,0
2026-09-12T06:03:00Z,station01,31.33,62.76,1007.95,2790,0
2026-09-12T06:04:00Z,station01,31.18,63.83,1007.88,2843,0
2026-09-12T06:05:00Z,station01,31.02,63.8,1007.88,2768,0
2026-09-12T06:06:00Z,station01,31.45,62.62,1007.82,2806,0
2026-09-12T06:07:00Z,station01,31.39,63.5,1007.92,2845,0
2026-09-12T06:08:00Z,station01,31.18,63.1,1007.83,2815,0
2026-09-12T06:09:00Z,station01,31.19,63.3,1007.73,2838,0
2026-09-12T06:10:00Z,station01,30.9,63.52,1007.91,2834,0
2026-09-12T06:11:00Z,station01,31.1,63.78,1008.06,2768,0
2026-09-12T06:12:00Z,station01,31.05,63.7,1008.03,2831,0
2026-09-12T06:13:00Z,station01,30.94,63.78,1007.8,2762,0
2026-09-12T06:14:00Z,station01,30.98,62.62,1007.86,2846,0
2026-09-12T06:15:00Z,station01,31.09,65.1,1007.88,2757,0
2026-09-12T06:16:00Z,station01,30.91,63.47,1007.75,2838,0
2026-09-12T06:17:00Z,station01,30.98,63.41,1007.76,2835,0
2026-09-12T06:18:00Z,station01,30.45,64.18,1007.74,2751,0
2026-09-12T06:19:00Z,station01,30.96,65.14,1007.68,2827,0
2026-09-12T06:20:00Z,station01,30.72,64.51,1007.88,2755,0
2026-09-12T06:21:00Z,station01,30.32,65.62,1007.81,2814,0
2026-09-12T06:22:00Z,station01,30.94,64.28,1007.7,2815,0
2026-09-12T06:23:00Z,station01,30.93,64.48,1007.89,2813,0
2026-09-12T06:24:00Z,station01,30.96,64.31,1007.72,2825,0
2026-09-12T06:25:00Z,station01,30.56,64.35,1007.84,2752,0
2026-09-12T06:26:00Z,station01,30.89,64.64,1007.57,2787,0
2026-09-12T06:27:00Z,station01,30.93,64.92,1007.56,2782,0
2026-09-12T06:28:00Z,station01,30.68,65.04,1007.6,2847,0
2026-09-12T06:29:00Z,station01,31.0,65.27,1007.63,2809,0
2026-09-12T06:30:00Z,station01,30.74,65.48,1007.58,2834,0
2026-09-12T06:31:00Z,station01,30.12,65.56,1007.77,2759,0
2026-09-12T06:32:00Z,station01,30.4,64.48,1007.72,2825,0
2026-09-12T06:33:00Z,station01,30.51,64.51,1007.59,2790,0
2026-09-12T06:34:00Z,station01,30.29,65.68,1007.68,2766,0
2026-09-12T06:35:00Z,station01,30.68,65.42,1007.66,2804,0
2026-09-12T06:36:00Z,station01,30.72,66.21,1007.61,2793,0
2026-09-12T06:37:00Z,station01,30.83,65.51,1007.67,2762,0
2026-09-12T06:38:00Z,station01,30.66,66.06,1007.61,2780,0
2026-09-12T06:39:00Z,station01,30.54,65.19,1007.62,2760,0
2026-09-12T06:40:00Z,station01,30.42,66.12,1007.6,2797,0
2026-09-12T06:41:00Z,station01,30.56,65.97,1007.5,2841,0
2026-09-12T06:42:00Z,station01,30.38,65.91,1007.4,2769,0
2026-09-12T06:43:00Z,station01,30.37,66.15,1007.62,2836,0
2026-09-12T06:44:00Z,station01,30.41,65.82,1007.63,2793,0
2026-09-12T06:45:00Z,station01,30.35,66.23,1007.54,2780,0
2026-09-12T06:46:00Z,station01,30.47,65.98,1007.62,2793,0
2026-09-12T06:47:00Z,station01,30.31,64.84,1007.57,2824,0
2026-09-12T06:48:00Z,station01,30.42,66.94,1007.59,2811,0
2026-09-12T06:49:00Z,station01,30.3,66.71,1007.44,2766,0
2026-09-12T06:50:00Z,station01,30.05,65.66,1007.33,2823,0
2026-09-12T06:51:00Z,station01,30.07,66.2,1007.52,2815,0
2026-09-12T06:52:00Z,station01,30.24,66.68,1007.35,2762,0
2026-09-12T06:53:00Z,station01,30.43,67.17,1007.51,2785,0
2026-09-12T06:54:00Z,station01,30.57,67.16,1007.63,2789,0
2026-09-12T06:55:00Z,station01,30.16,66.82,1007.66,2762,0
2026-09-12T06:56:00Z,station01,29.89,67.95,1007.52,2816,0
2026-09-12T06:57:00Z,station01,30.36,67.35,1007.5,2825,0
2026-09-12T06:58:00Z,station01,30.21,66.91,1007.39,2795,0
2026-09-12T06:59:00Z,station01,30.19,67.44,1007.43,2809,0
2026-09-12T07:00:00Z,station01,29.98,67.77,1007.45,2750,0
2026-09-12T07:01:00Z,station01,30.22,67.47,1007.46,2783,0
2026-09-12T07:02:00Z,station01,30.12,67.8,1007.41,2762,0
2026-09-12T07:03:00Z,station01,30.19,68.12,1007.42,2751,0
2026-09-12T07:04:00Z,station01,30.05,67.05,1007.38,2752,0
2026-09-12T07:05:00Z,station01,30.36,68.09,1007.36,2820,0
2026-09-12T07:06:00Z,station01,30.43,67.94,1007.4,2826,0
2026-09-12T07:07:00Z,station01,30.15,66.78,1007.28,2832,0
2026-09-12T07:08:00Z,station01,29.9,67.5,1007.18,2762,0
2026-09-12T07:09:00Z,station01,29.96,67.71,1007.44,2805,0
2026-09-12T07:10:00Z,station01,30.06,67.89,1007.26,2849,0
2026-09-12T07:11:00Z,station01,29.86,69.25,1007.44,2784,0
2026-09-12T07:12:00Z,station01,30.05,68.39,1007.21,2754,0
2026-09-12T07:13:00Z,station01,29.98,67.58,1007.28,2803,0
2026-09-12T07:14:00Z,station01,29.79,68.44,1007.26,2765,0
2026-09-12T07:15:00Z,station01,29.74,69.4,1007.28,2831,0
2026-09-12T07:16:00Z,station01,29.97,68.65,1007.21,2786,0
2026-09-12T07:17:00Z,station01,29.88,68.44,1007.09,2777,0
2026-09-12T07:18:00Z,station01,29.37,69.1,1007.19,2760,0
2026-09-12T07:19:00Z,station01,29.69,68.59,1007.32,2777,0
2026-09-12T07:20:00Z,station01,29.89,68.95,1007.26,2756,0
2026-09-12T07:21:00Z,station01,29.85,68.74,1007.3,2840,0
2026-09-12T07:22:00Z,station01,29.5,68.94,1007.21,2780,0
2026-09-12T07:23:00Z,station01,29.66,69.28,1007.3,2829,0
2026-09-12T07:24:00Z,station01,29.67,69.35,1007.08,2836,0
2026-09-12T07:25:00Z,station01,29.6,69.19,1007.2,2790,0
2026-09-12T07:26:00Z,station01,29.36,70.21,1007.11,2760,0
2026-09-12T07:27:00Z,station01,29.69,69.27,1007.23,2831,0
2026-09-12T07:28:00Z,station01,29.67,70.02,1007.21,2791,0
2026-09-12T07:29:00Z,station01,29.64,70.14,1007.17,2818,0
2026-09-12T07:30:00Z,station01,29.53,69.12,1006.91,2764,0
2026-09-12T07:31:00Z,station01,29.53,69.62,1007.03,2795,0
2026-09-12T07:32:00Z,station01,29.76,69.41,1007.23,2847,0
2026-09-12T07:33:00Z,station01,29.51,69.29,1007.09,2791,0
2026-09-12T07:34:00Z,station01,29.14,69.48,1006.99,2799,0
2026-09-12T07:35:00Z,station01,29.5,69.74,1007.05,2842,0
2026-09-12T07:36:00Z,station01,29.42,70.34,1006.99,2849,0
2026-09-12T07:37:00Z,station01,29.37,70.64,1007.07,2800,0
2026-09-12T07:38:00Z,station01,29.42,70.22,1007.27,2785,0
2026-09-12T07:39:00Z,station01,29.38,70.35,1007.13,2815,0
2026-09-12T07:40:00Z,station01,29.31,70.25,1007.09,2849,0
2026-09-12T07:41:00Z,station01,29.16,69.8,1007.05,2753,0
2026-09-12T07:42:00Z,station01,29.68,70.21,1006.95,2772,0
2026-09-12T07:43:00Z,station01,29.44,71.04,1007.07,2804,0
2026-09-12T07:44:00Z,station01,29.33,70.06,1007.17,2816,0
2026-09-12T07:45:00Z,station01,29.5,70.52,1007.04,2752,0
2026-09-12T07:46:00Z,station01,29.1,70.57,1007.23,2830,0
2026-09-12T07:47:00Z,station01,29.09,70.96,1006.92,2770,0
2026-09-12T07:48:00Z,station01,29.17,71.19,1006.94,2834,0
2026-09-12T07:49:00Z,station01,29.44,72.19,1007.04,2768,0
2026-09-12T07:50:00Z,station01,29.35,71.48,1007.08,2830,0
2026-09-12T07:51:00Z,station01,28.96,71.49,1007.0,2814,0
2026-09-12T07:52:00Z,station01,29.18,71.21,1006.99,2830,0
2026-09-12T07:53:00Z,station01,29.0,71.08,1007.1,2759,0
2026-09-12T07:54:00Z,station01,29.33,71.53,1006.83,2828,0
2026-09-12T07:55:00Z,station01,29.45,71.49,1006.9,2808,0
2026-09-12T07:56:00Z,station01,28.99,71.53,1007.09,2820,0
2026-09-12T07:57:00Z,station01,29.03,71.47,1007.0,2819,0
2026-09-12T07:58:00Z,station01,28.81,72.0,1007.11,2840,0
2026-09-12T07:59:00Z,station01,28.8,72.35,1007.1,2847,0
2026-09-12T08:00:00Z,station01,28.94,71.51,1007.01,2836,0
2026-09-12T08:01:00Z,station01,28.96,71.37,1006.87,2844,0
2026-09-12T08:02:00Z,station01,29.02,72.47,1007.05,2760,0
2026-09-12T08:03:00Z,station01,28.87,72.12,1006.77,2768,0
2026-09-12T08:04:00Z,station01,29.14,72.15,1006.85,2774,0
2026-09-12T08:05:00Z,station01,28.81,73.74,1007.05,2844,0
2026-09-12T08:06:00Z,station01,29.45,72.93,1006.89,2842,0
2026-09-12T08:07:00Z,station01,28.61,72.31,1006.93,2809,0
2026-09-12T08:08:00Z,station01,28.73,72.55,1006.86,2756,0
2026-09-12T08:09:00Z,station01,28.96,72.98,1006.98,2774,0
2026-09-12T08:10:00Z,station01,29.02,72.17,1006.97,2840,0
2026-09-12T08:11:00Z,station01,28.42,73.19,1006.71,2835,0
2026-09-12T08:12:00Z,station01,28.5,72.86,1006.77,2761,0
2026-09-12T08:13:00Z,station01,28.68,72.96,1007.03,2755,0
2026-09-12T08:14:00Z,station01,28.58,72.98,1006.99,2786,0
2026-09-12T08:15:00Z,station01,28.94,73.03,1006.95,2823,0
2026-09-12T08:16:00Z,station01,28.81,73.57,1007.08,2802,0
2026-09-12T08:17:00Z,station01,28.87,73.83,1006.78,2757,0
2026-09-12T08:18:00Z,station01,28.52,73.17,1007.11,2805,0
2026-09-12T08:19:00Z,station01,28.62,73.83,1006.94,2826,0
2026-09-12T08:20:00Z,station01,28.53,74.3,1006.81,2800,0
2026-09-12T08:21:00Z,station01,28.42,73.64,1006.76,2813,0
2026-09-12T08:22:00Z,station01,28.74,74.82,1006.82,2800,0
2026-09-12T08:23:00Z,station01,28.59,73.11,1006.76,2808,0
2026-09-12T08:24:00Z,station01,28.49,72.84,1006.92,2790,0
2026-09-12T08:25:00Z,station01,28.45,74.01,1006.79,2803,0
2026-09-12T08:26:00Z,station01,28.48,74.07,1006.83,2797,0
2026-09-12T08:27:00Z,station01,28.26,74.54,1006.88,2824,0
2026-09-12T08:28:00Z,station01,28.57,74.87,1006.85,2804,0
2026-09-12T08:29:00Z,station01,28.49,73.83,1006.87,2792,0
2026-09-12T08:30:00Z,station01,28.25,74.63,1006.93,2780,0
2026-09-12T08:31:00Z,station01,28.66,75.07,1006.79,2831,0
2026-09-12T08:32:00Z,station01,28.19,74.21,1006.78,2806,0
2026-09-12T08:33:00Z,station01,28.48,74.97,1006.93,2797,0
2026-09-12T08:34:00Z,station01,28.51,74.75,1006.91,2784,0
2026-09-12T08:35:00Z,station01,28.54,75.45,1006.76,2847,0
2026-09-12T08:36:00Z,station01,28.31,75.58,1006.78,2810,0
2026-09-12T08:37:00Z,station01,28.19,74.9,1006.9,2780,0
2026-09-12T08:38:00Z,station01,28.31,74.3,1006.73,2770,0
2026-09-12T08:39:00Z,station01,28.09,74.36,1006.81,2761,0
2026-09-12T08:40:00Z,station01,28.66,75.81,1006.8,2752,0
2026-09-12T08:41:00Z,station01,28.3,75.32,1006.64,2829,0
2026-09-12T08:42:00Z,station01,27.95,75.09,1006.91,2822,0
2026-09-12T08:43:00Z,station01,28.31,75.6,1006.75,2842,0
2026-09-12T08:44:00Z,station01,27.98,75.53,1006.66,2793,0
2026-09-12T08:45:00Z,station01,28.19,75.28,1006.87,2846,0
2026-09-12T08:46:00Z,station01,28.13,75.78,1006.65,2824,0
2026-09-12T08:47:00Z,station01,28.3,76.5,1006.74,2770,0
2026-09-12T08:48:00Z,station01,28.3,75.92,1006.81,2793,0
2026-09-12T08:49:00Z,station01,28.18,76.33,1006.71,2823,0
2026-09-12T08:50:00Z,station01,27.83,75.64,1006.68,2790,0
2026-09-12T08:51:00Z,station01,27.6,75.84,1006.55,2836,0
2026-09-12T08:52:00Z,station01,27.98,75.93,1006.95,2757,0
2026-09-12T08:53:00Z,station01,28.04,75.88,1006.72,2804,0
2026-09-12T08:54:00Z,station01,28.1,76.5,1006.83,2793,0
2026-09-12T08:55:00Z,station01,27.87,76.15,1006.59,2812,0
2026-09-12T08:56:00Z,station01,27.8,76.2,1006.7,2812,0
2026-09-12T08:57:00Z,station01,27.82,76.81,1006.78,2751,0
2026-09-12T08:58:00Z,station01,27.97,76.56,1006.74,2797,0
2026-09-12T08:59:00Z,station01,27.65,76.38,1006.85,2761,0
2026-09-12T09:00:00Z,station01,27.97,76.17,1006.71,2765,0
2026-09-12T09:01:00Z,station01,28.1,76.44,1006.89,2827,0
2026-09-12T09:02:00Z,station01,27.76,76.01,1006.89,2842,0
2026-09-12T09:03:00Z,station01,27.9,76.51,1006.98,2835,0
2026-09-12T09:04:00Z,station01,27.9,76.45,1006.47,2840,0
2026-09-12T09:05:00Z,station01,27.68,76.57,1006.79,2810,0
2026-09-12T09:06:00Z,station01,27.99,77.17,1006.85,2751,0
2026-09-12T09:07:00Z,station01,27.82,77.6,1006.76,2816,0
2026-09-12T09:08:00Z,station01,27.79,75.62,1007.04,2795,0
2026-09-12T09:09:00Z,station01,27.85,77.08,1006.85,2833,0
2026-09-12T09:10:00Z,station01,27.58,76.36,1006.96,2842,0
2026-09-12T09:11:00Z,station01,27.21,78.03,1006.66,2783,0
2026-09-12T09:12:00Z,station01,27.62,78.16,1006.69,2754,0
2026-09-12T09:13:00Z,station01,27.45,77.15,1006.82,2769,0
2026-09-12T09:14:00Z,station01,27.4,77.59,1006.79,2849,0
2026-09-12T09:15:00Z,station01,27.46,78.36,1006.61,2838,0
2026-09-12T09:16:00Z,station01,27.33,77.61,1006.97,2766,0
2026-09-12T09:17:00Z,station01,27.58,78.48,1006.8,2757,0
2026-09-12T09:18:00Z,station01,27.4,78.86,1006.83,2818,0
2026-09-12T09:19:00Z,station01,27.73,77.45,1006.78,2784,0
2026-09-12T09:20:00Z,station01,27.2,78.86,1006.85,2797,0
2026-09-12T09:21:00Z,station01,27.37,78.05,1006.91,2827,0
2026-09-12T09:22:00Z,station01,27.41,79.5,1006.58,2779,0
2026-09-12T09:23:00Z,station01,27.32,77.78,1006.64,2810,0
2026-09-12T09:24:00Z,station01,27.32,78.34,1007.02,2751,0
2026-09-12T09:25:00Z,station01,27.24,79.1,1006.73,2814,0
2026-09-12T09:26:00Z,station01,27.33,78.67,1006.85,2827,0
2026-09-12T09:27:00Z,station01,27.23,79.01,1006.83,2784,0
2026-09-12T09:28:00Z,station01,27.28,78.82,1006.73,2757,0
2026-09-12T09:29:00Z,station01,27.36,79.2,1006.83,2839,0
2026-09-12T09:30:00Z,station01,27.13,79.6,1006.78,2837,0
2026-09-12T09:31:00Z,station01,27.36,78.58,1006.91,2794,0
2026-09-12T09:32:00Z,station01,27.54,78.57,1006.97,2823,0
2026-09-12T09:33:00Z,station01,26.99,79.08,1006.84,2763,0
2026-09-12T09:34:00Z,station01,27.34,79.22,1006.77,2790,0
2026-09-12T09:35:00Z,station01,27.31,79.66,1006.87,2804,0
2026-09-12T09:36:00Z,station01,27.14,79.0,1006.83,2781,0
2026-09-12T09:37:00Z,station01,27.08,79.36,1006.73,2767,0
2026-09-12T09:38:00Z,station01,27.04,79.27,1006.9,2808,0
2026-09-12T09:39:00Z,station01,27.14,78.46,1006.9,2771,0
2026-09-12T09:40:00Z,station01,27.05,79.86,1006.85,2752,0
2026-09-12T09:41:00Z,station01,26.87,79.58,1006.85,2807,0
2026-09-12T09:42:00Z,station01,27.16,79.92,1006.72,2821,0
2026-09-12T09:43:00Z,station01,26.96,79.75,1006.82,2829,0
2026-09-12T09:44:00Z,station01,26.81,79.16,1006.86,2808,0
2026-09-12T09:45:00Z,station01,26.95,80.18,1007.12,2839,0
2026-09-12T09:46:00Z,station01,26.79,80.62,1006.85,2822,0
2026-09-12T09:47:00Z,station01,27.1,80.43,1006.83,2780,0
2026-09-12T09:48:00Z,station01,26.94,79.82,1006.88,2817,0
2026-09-12T09:49:00Z,station01,26.57,80.41,1006.88,2809,0
2026-09-12T09:50:00Z,station01,26.78,80.14,1006.84,2828,0
2026-09-12T09:51:00Z,station01,26.76,80.42,1006.88,2786,0
2026-09-12T09:52:00Z,station01,26.86,79.82,1007.05,2811,0
2026-09-12T09:53:00Z,station01,27.12,80.87,1006.97,2791,0
2026-09-12T09:54:00Z,station01,27.14,80.7,1006.97,2771,0
2026-09-12T09:55:00Z,station01,27.49,80.49,1006.97,2758,0
2026-09-12T09:56:00Z,station01,27.2,81.04,1006.89,2751,0
2026-09-12T09:57:00Z,station01,26.72,80.61,1007.01,2794,0
2026-09-12T09:58:00Z,station01,26.77,81.51,1006.98,2832,0
2026-09-12T09:59:00Z,station01,26.52,81.06,1006.73,2795,0
2026-09-12T10:00:00Z,station01,27.04,80.89,1007.02,2814,0
2026-09-12T10:01:00Z,station01,26.63,81.43,1006.96,2806,0
2026-09-12T10:02:00Z,station01,26.9,80.58,1006.92,2758,0
2026-09-12T10:03:00Z,station01,26.94,80.3,1007.1,2793,0
2026-09-12T10:04:00Z,station01,26.44,81.19,1007.03,2847,0
2026-09-12T10:05:00Z,station01,26.73,81.56,1006.97,2776,0
2026-09-12T10:06:00Z,station01,26.75,81.42,1007.01,2834,0
2026-09-12T10:07:00Z,station01,26.59,82.08,1007.03,2843,0
2026-09-12T10:08:00Z,station01,26.84,80.39,1006.99,2808,0
2026-09-12T10:09:00Z,station01,26.64,81.26,1007.11,2757,0
2026-09-12T10:10:00Z,station01,26.55,82.07,1006.98,2804,0
2026-09-12T10:11:00Z,station01,26.59,81.25,1007.26,2800,0
2026-09-12T10:12:00Z,station01,26.3,82.06,1006.83,2835,0
2026-09-12T10:13:00Z,station01,26.6,82.09,1007.1,2765,0
2026-09-12T10:14:00Z,station01,26.67,81.91,1007.11,2827,0
2026-09-12T10:15:00Z,station01,26.48,81.49,1007.04,2798,0
2026-09-12T10:16:00Z,station01,26.66,82.33,1007.14,2756,0
2026-09-12T10:17:00Z,station01,26.9,82.72,1007.06,2778,0
2026-09-12T10:18:00Z,station01,26.66,81.06,1007.15,2758,0
2026-09-12T10:19:00Z,station01,26.4,82.1,1007.06,2751,0
2026-09-12T10:20:00Z,station01,26.44,82.28,1007.11,2822,0
2026-09-12T10:21:00Z,station01,26.51,83.17,1007.03,2848,0
2026-09-12T10:22:00Z,station01,26.4,83.14,1007.25,2786,0
2026-09-12T10:23:00Z,station01,25.92,82.89,1007.22,2845,0
2026-09-12T10:24:00Z,station01,26.81,81.49,1007.1,2757,0
2026-09-12T10:25:00Z,station01,26.11,82.99,1007.27,2770,0
2026-09-12T10:26:00Z,station01,26.67,82.49,1007.04,2771,0
2026-09-12T10:27:00Z,station01,26.43,81.7,1007.18,2785,0
2026-09-12T10:28:00Z,station01,26.24,82.33,1007.14,2813,0
2026-09-12T10:29:00Z,station01,26.39,82.71,1007.15,2752,0
2026-09-12T10:30:00Z,station01,26.25,83.45,1007.07,2772,0
2026-09-12T10:31:00Z,station01,26.43,83.96,1006.9,2758,0
2026-09-12T10:32:00Z,station01,26.47,82.47,1007.14,2754,0
2026-09-12T10:33:00Z,station01,26.35,82.99,1007.32,2840,0
2026-09-12T10:34:00Z,station01,25.93,82.75,1007.31,2775,0
2026-09-12T10:35:00Z,station01,26.31,83.67,1007.01,2765,0
2026-09-12T10:36:00Z,station01,26.02,83.16,1007.17,2796,0
2026-09-12T10:37:00Z,station01,26.24,83.22,1007.11,2784,0
2026-09-12T10:38:00Z,station01,26.06,83.58,1007.16,2797,0
2026-09-12T10:39:00Z,station01,25.97,83.63,1007.26,2764,0
2026-09-12T10:40:00Z,station01,26.07,83.46,1007.27,2785,0
2026-09-12T10:41:00Z,station01,25.88,83.64,1007.16,2816,0
2026-09-12T10:42:00Z,station01,26.1,83.51,1007.14,2842,0
2026-09-12T10:43:00Z,station01,26.2,83.73,1007.17,2845,0
2026-09-12T10:44:00Z,station01,26.02,83.35,1007.23,2842,0
2026-09-12T10:45:00Z,station01,25.72,83.17,1007.34,2805,0
2026-09-12T10:46:00Z,station01,26.25,83.78,1007.29,2801,0
2026-09-12T10:47:00Z,station01,25.75,84.07,1007.24,2816,0
2026-09-12T10:48:00Z,station01,25.76,84.49,1007.15,2769,0
2026-09-12T10:49:00Z,station01,25.64,83.55,1007.34,2789,0
2026-09-12T10:50:00Z,station01,25.9,84.2,1007.22,2805,0
2026-09-12T10:51:00Z,station01,26.08,84.78,1007.28,2822,0
2026-09-12T10:52:00Z,station01,25.93,84.13,1007.4,2840,0
2026-09-12T10:53:00Z,station01,25.65,83.81,1007.33,2798,0
2026-09-12T10:54:00Z,station01,25.86,84.65,1007.28,2809,0
2026-09-12T10:55:00Z,station01,25.9,85.46,1007.37,2764,0
2026-09-12T10:56:00Z,station01,25.8,84.43,1007.45,2831,0
2026-09-12T10:57:00Z,station01,25.91,84.49,1007.47,2755,0
2026-09-12T10:58:00Z,station01,25.86,85.19,1007.48,2754,0
2026-09-12T10:59:00Z,station01,25.64,85.14,1007.5,2791,0
2026-09-12T11:00:00Z,station01,26.14,85.47,1007.35,2839,0
2026-09-12T11:01:00Z,station01,25.74,84.71,1007.42,2794,0
2026-09-12T11:02:00Z,station01,25.79,84.87,1007.32,2822,0
2026-09-12T11:03:00Z,station01,25.64,84.54,1007.51,2750,0
2026-09-12T11:04:00Z,station01,25.24,84.71,1007.26,2778,0
2026-09-12T11:05:00Z,station01,25.68,85.15,1007.58,2828,0
2026-09-12T11:06:00Z,station01,25.69,85.01,1007.33,2813,0
2026-09-12T11:07:00Z,station01,25.74,84.31,1007.37,2831,0
2026-09-12T11:08:00Z,station01,25.34,85.52,1007.35,2824,0
2026-09-12T11:09:00Z,station01,25.47,85.97,1007.49,2827,0
2026-09-12T11:10:00Z,station01,25.91,84.89,1007.52,2837,0
2026-09-12T11:11:00Z,station01,25.89,85.19,1007.37,2814,0
2026-09-12T11:12:00Z,station01,25.79,85.11,1007.44,2777,0
2026-09-12T11:13:00Z,station01,25.95,85.37,1007.51,2814,0
2026-09-12T11:14:00Z,station01,25.86,85.34,1007.51,2778,0
2026-09-12T11:15:00Z,station01,25.31,86.44,1007.29,2750,0
2026-09-12T11:16:00Z,station01,25.68,86.32,1007.55,2844,0
2026-09-12T11:17:00Z,station01,25.55,85.52,1007.39,2844,0
2026-09-12T11:18:00Z,station01,25.68,85.34,1007.4,2785,0
2026-09-12T11:19:00Z,station01,25.53,84.78,1007.56,2775,0
2026-09-12T11:20:00Z,station01,25.56,84.91,1007.38,2780,0
2026-09-12T11:21:00Z,station01,25.5,85.8,1007.45,2775,0
2026-09-12T11:22:00Z,station01,25.29,85.29,1007.61,2796,0
2026-09-12T11:23:00Z,station01,25.22,85.51,1007.64,2763,0
2026-09-12T11:24:00Z,station01,25.41,85.58,1007.5,2805,0
2026-09-12T11:25:00Z,station01,25.17,85.54,1007.77,2774,0
2026-09-12T11:26:00Z,station01,25.12,85.9,1007.53,2843,0
2026-09-12T11:27:00Z,station01,25.7,86.26,1007.74,2806,0
2026-09-12T11:28:00Z,station01,25.28,86.43,1007.68,2754,0
2026-09-12T11:29:00Z,station01,25.63,85.71,1007.79,2844,0
2026-09-12T11:30:00Z,station01,25.47,86.76,1007.66,2769,0
2026-09-12T11:31:00Z,station01,25.7,85.95,1007.57,2829,0
2026-09-12T11:32:00Z,station01,25.4,85.87,1007.68,2830,0
2026-09-12T11:33:00Z,station01,25.84,86.46,1007.87,2822,0
2026-09-12T11:34:00Z,station01,25.33,86.13,1007.7,2751,0
2026-09-12T11:35:00Z,station01,25.68,86.91,1007.7,2828,0
2026-09-12T11:36:00Z,station01,24.93,86.58,1007.61,2804,0
2026-09-12T11:37:00Z,station01,25.24,87.43,1007.82,2820,0
2026-09-12T11:38:00Z,station01,25.39,85.87,1007.83,2843,0
2026-09-12T11:39:00Z,station01,25.51,86.62,1007.75,2832,0
2026-09-12T11:40:00Z,station01,25.46,86.89,1007.92,2849,0
2026-09-12T11:41:00Z,station01,25.19,86.34,1007.76,2818,0
2026-09-12T11:42:00Z,station01,25.56,86.9,1007.89,2828,0
2026-09-12T11:43:00Z,station01,25.11,87.26,1007.8,2787,0
2026-09-12T11:44:00Z,station01,25.26,86.34,1007.69,2757,0
2026-09-12T11:45:00Z,station01,25.16,87.32,1007.63,2844,0
2026-09-12T11:46:00Z,station01,25.23,86.25,1007.78,2771,0
2026-09-12T11:47:00Z,station01,24.5,87.49,1007.82,2828,0
2026-09-12T11:48:00Z,station01,25.25,87.43,1008.0,2834,0
2026-09-12T11:49:00Z,station01,25.35,86.45,1007.98,2789,0
2026-09-12T11:50:00Z,station01,25.03,87.32,1007.91,2776,0
2026-09-12T11:51:00Z,station01,25.14,87.27,1007.75,2824,0
2026-09-12T11:52:00Z,station01,25.26,87.6,1007.92,2795,0
2026-09-12T11:53:00Z,station01,25.11,87.01,1008.03,2847,0
2026-09-12T11:54:00Z,station01,25.18,87.58,1007.98,2774,0
2026-09-12T11:55:00Z,station01,25.08,87.58,1007.91,2825,0
2026-09-12T11:56:00Z,station01,25.45,88.05,1007.91,2840,0
2026-09-12T11:57:00Z,station01,25.3,87.63,1008.04,2763,0
2026-09-12T11:58:00Z,station01,25.05,87.73,1007.96,2802,0
2026-09-12T11:59:00Z,station01,25.15,87.7,1008.2,2814,0
2026-09-12T12:00:00Z,station01,24.94,88.14,1007.92,2805,0
2026-09-12T12:01:00Z,station01,25.04,87.61,1007.99,2754,0
2026-09-12T12:02:00Z,station01,24.89,88.54,1007.86,2788,0
2026-09-12T12:03:00Z,station01,25.32,88.38,1007.99,2791,0
2026-09-12T12:04:00Z,station01,25.04,88.14,1007.87,2795,0
2026-09-12T12:05:00Z,station01,25.52,88.41,1008.13,2797,0
2026-09-12T12:06:00Z,station01,25.05,87.89,1007.94,2839,0
2026-09-12T12:07:00Z,station01,24.94,88.06,1008.17,2766,0
2026-09-12T12:08:00Z,station01,25.21,88.51,1008.01,2807,0
2026-09-12T12:09:00Z,station01,25.19,88.41,1008.01,2808,0
2026-09-12T12:10:00Z,station01,25.03,87.99,1008.16,2781,0
2026-09-12T12:11:00Z,station01,24.91,88.08,1008.14,2766,0
2026-09-12T12:12:00Z,station01,25.52,87.84,1008.22,2772,0
2026-09-12T12:13:00Z,station01,25.16,87.86,1008.21,2780,0
2026-09-12T12:14:00Z,station01,24.9,89.02,1008.14,2795,0
2026-09-12T12:15:00Z,station01,25.32,88.32,1008.24,2844,0
2026-09-12T12:16:00Z,station01,24.97,88.2,1008.22,2773,0
2026-09-12T12:17:00Z,station01,24.96,88.19,1008.34,2753,0
2026-09-12T12:18:00Z,station01,24.9,87.65,1008.12,2757,0
2026-09-12T12:19:00Z,station01,24.57,88.2,1008.21,2767,0
2026-09-12T12:20:00Z,station01,24.94,88.22,1008.39,2757,0
2026-09-12T12:21:00Z,station01,25.24,88.79,1008.29,2807,0
2026-09-12T12:22:00Z,station01,25.35,88.85,1008.36,2842,0
2026-09-12T12:23:00Z,station01,24.5,88.79,1008.23,2842,0
2026-09-12T12:24:00Z,station01,24.87,88.13,1008.19,2777,0
2026-09-12T12:25:00Z,station01,24.75,87.12,1008.22,2775,0
2026-09-12T12:26:00Z,station01,24.77,89.37,1008.32,2759,0
2026-09-12T12:27:00Z,station01,24.52,88.49,1008.16,2844,0
2026-09-12T12:28:00Z,station01,24.7,88.12,1008.22,2805,0
2026-09-12T12:29:00Z,station01,24.72,88.9,1008.34,2815,0
2026-09-12T12:30:00Z,station01,24.91,88.51,1008.56,2812,0
2026-09-12T12:31:00Z,station01,24.86,88.94,1008.26,2846,0
2026-09-12T12:32:00Z,station01,24.81,88.71,1008.52,2797,0
2026-09-12T12:33:00Z,station01,25.27,89.11,1008.34,2801,0
2026-09-12T12:34:00Z,station01,24.62,88.23,1008.34,2785,0
2026-09-12T12:35:00Z,station01,24.65,89.53,1008.39,2847,0
2026-09-12T12:36:00Z,station01,24.87,89.02,1008.2,2787,0
2026-09-12T12:37:00Z,station01,25.03,88.06,1008.37,2800,0
2026-09-12T12:38:00Z,station01,24.88,89.58,1008.49,2778,0
2026-09-12T12:39:00Z,station01,24.71,88.75,1008.35,2784,0
2026-09-12T12:40:00Z,station01,24.8,88.93,1008.42,2755,0
2026-09-12T12:41:00Z,station01,24.63,89.04,1008.37,2849,0
2026-09-12T12:42:00Z,station01,24.6,89.58,1008.59,2846,0
2026-09-12T12:43:00Z,station01,24.22,88.62,1008.32,2797,0
2026-09-12T12:44:00Z,station01,24.73,89.16,1008.43,2793,0
2026-09-12T12:45:00Z,station01,24.76,89.29,1008.41,2801,0
2026-09-12T12:46:00Z,station01,24.8,88.87,1008.55,2845,0
2026-09-12T12:47:00Z,station01,24.77,89.41,1008.57,2757,0
2026-09-12T12:48:00Z,station01,24.62,89.54,1008.63,2817,0
2026-09-12T12:49:00Z,station01,24.78,89.49,1008.45,2760,0
2026-09-12T12:50:00Z,station01,24.85,88.63,1008.4,2761,0
2026-09-12T12:51:00Z,station01,24.59,88.86,1008.37,2755,0
2026-09-12T12:52:00Z,station01,24.48,89.02,1008.43,2779,0
2026-09-12T12:53:00Z,station01,24.84,89.52,1008.67,2834,0
2026-09-12T12:54:00Z,station01,24.99,89.31,1008.44,2792,0
2026-09-12T12:55:00Z,station01,24.72,89.16,1008.43,2787,0
2026-09-12T12:56:00Z,station01,24.47,89.91,1008.51,2779,0
2026-09-12T12:57:00Z,station01,24.94,89.68,1008.6,2829,0
2026-09-12T12:58:00Z,station01,24.46,88.82,1008.55,2761,0
2026-09-12T12:59:00Z,station01,23.92,89.13,1008.59,2803,0
2026-09-12T13:00:00Z,station01,24.99,89.59,1008.53,2752,0
2026-09-12T13:01:00Z,station01,24.79,89.63,1008.72,2807,0
2026-09-12T13:02:00Z,station01,24.76,88.65,1008.46,2829,0
2026-09-12T13:03:00Z,station01,24.32,90.12,1008.6,2845,0
2026-09-12T13:04:00Z,station01,24.65,88.23,1008.46,2793,0
2026-09-12T13:05:00Z,station01,24.6,89.83,1008.54,2790,0
2026-09-12T13:06:00Z,station01,24.86,89.01,1008.76,2794,0
2026-09-12T13:07:00Z,station01,24.52,88.7,1008.54,2843,0
2026-09-12T13:08:00Z,station01,24.45,89.05,1008.81,2770,0
2026-09-12T13:09:00Z,station01,24.62,89.86,1008.66,2835,0
2026-09-12T13:10:00Z,station01,24.41,89.86,1008.85,2782,0
2026-09-12T13:11:00Z,station01,24.45,89.95,1008.51,2807,0
2026-09-12T13:12:00Z,station01,24.45,90.33,1008.87,2796,0
2026-09-12T13:13:00Z,station01,24.33,88.71,1008.89,2793,0
2026-09-12T13:14:00Z,station01,24.86,90.38,1008.79,2764,0
2026-09-12T13:15:00Z,station01,24.48,89.47,1008.73,2835,0
2026-09-12T13:16:00Z,station01,24.52,88.82,1008.71,2794,0
2026-09-12T13:17:00Z,station01,24.54,89.94,1008.74,2787,0
2026-09-12T13:18:00Z,station01,24.11,89.02,1008.78,2826,0
2026-09-12T13:19:00Z,station01,24.68,90.17,1008.79,2759,0
2026-09-12T13:20:00Z,station01,24.47,89.94,1008.92,2796,0
2026-09-12T13:21:00Z,station01,24.7,89.11,1008.69,2846,0
2026-09-12T13:22:00Z,station01,24.59,89.45,1008.73,2775,0
2026-09-12T13:23:00Z,station01,24.44,89.67,1008.63,2798,0
2026-09-12T13:24:00Z,station01,24.54,90.92,1008.62,2767,0
2026-09-12T13:25:00Z,station01,24.63,89.8,1009.02,2846,0
2026-09-12T13:26:00Z,station01,24.7,89.9,1008.81,2770,0
2026-09-12T13:27:00Z,station01,24.56,88.79,1009.08,2785,0
2026-09-12T13:28:00Z,station01,25.14,89.91,1008.67,2809,0
2026-09-12T13:29:00Z,station01,24.69,90.35,1008.86,2814,0
2026-09-12T13:30:00Z,station01,24.54,90.52,1008.99,2766,0
2026-09-12T13:31:00Z,station01,24.59,89.9,1009.03,2848,0
2026-09-12T13:32:00Z,station01,25.0,90.45,1008.77,2786,0
2026-09-12T13:33:00Z,station01,24.54,90.28,1008.88,2810,0
2026-09-12T13:34:00Z,station01,24.42,88.63,1008.65,2830,0
2026-09-12T13:35:00Z,station01,24.37,90.07,1008.89,2775,0
2026-09-12T13:36:00Z,station01,24.84,89.9,1009.09,2825,0
2026-09-12T13:37:00Z,station01,24.45,89.67,1008.95,2799,0
2026-09-12T13:38:00Z,station01,24.39,89.66,1008.95,2833,0
2026-09-12T13:39:00Z,station01,24.59,89.65,1008.9,2806,0
2026-09-12T13:40:00Z,station01,24.84,89.98,1008.97,2815,0
2026-09-12T13:41:00Z,station01,24.5,90.65,1008.93,2817,0
2026-09-12T13:42:00Z,station01,24.88,90.59,1009.0,2835,0
2026-09-12T13:43:00Z,station01,24.4,89.96,1009.07,2756,0
2026-09-12T13:44:00Z,station01,24.51,89.7,1008.9,2798,0
2026-09-12T13:45:00Z,station01,24.22,89.75,1008.9,2776,0
2026-09-12T13:46:00Z,station01,24.8,89.88,1009.03,2816,0
2026-09-12T13:47:00Z,station01,24.29,89.93,1008.98,2843,0
2026-09-12T13:48:00Z,station01,24.57,90.51,1009.02,2779,0
2026-09-12T13:49:00Z,station01,24.54,90.43,1008.99,2831,0
2026-09-12T13:50:00Z,station01,24.35,89.76,1008.94,2760,0
2026-09-12T13:51:00Z,station01,24.65,90.02,1008.88,2769,0
2026-09-12T13:52:00Z,station01,24.57,90.14,1009.11,2801,0
2026-09-12T13:53:00Z,station01,24.54,90.53,1008.94,2845,0
2026-09-12T13:54:00Z,station01,24.23,89.84,1009.03,2820,0
2026-09-12T13:55:00Z,station01,24.35,89.76,1009.19,2834,0
2026-09-12T13:56:00Z,station01,24.43,90.07,1008.92,2804,0
2026-09-12T13:57:00Z,station01,24.78,90.31,1009.02,2816,0
2026-09-12T13:58:00Z,station01,24.43,89.57,1009.15,2774,0
2026-09-12T13:59:00Z,station01,24.46,89.57,1008.96,2840,0
2026-09-12T14:00:00Z,station01,24.42,89.04,1009.01,2826,0
2026-09-12T14:01:00Z,station01,24.28,90.92,1009.14,2818,0
2026-09-12T14:02:00Z,station01,24.66,90.02,1009.01,2843,0
2026-09-12T14:03:00Z,station01,24.6,90.13,1009.19,2832,0
2026-09-12T14:04:00Z,station01,24.52,90.03,1009.0,2797,0
2026-09-12T14:05:00Z,station01,24.4,90.24,1009.14,2757,0
2026-09-12T14:06:00Z,station01,24.41,89.65,1009.25,2805,0
2026-09-12T14:07:00Z,station01,24.49,89.68,1009.1,2755,0
2026-09-12T14:08:00Z,station01,24.53,90.83,1009.19,2825,0
2026-09-12T14:09:00Z,station01,24.35,89.98,1008.98,2791,0
2026-09-12T14:10:00Z,station01,24.72,90.18,1009.14,2755,0
2026-09-12T14:11:00Z,station01,24.34,90.15,1008.99,2794,0
2026-09-12T14:12:00Z,station01,24.46,89.91,1009.31,2773,0
2026-09-12T14:13:00Z,station01,24.52,90.21,1009.12,2833,0
2026-09-12T14:14:00Z,station01,24.13,89.42,1009.14,2799,0
2026-09-12T14:15:00Z,station01,24.14,89.06,1009.18,2803,0
2026-09-12T14:16:00Z,station01,24.84,89.68,1009.1,2789,0
2026-09-12T14:17:00Z,station01,24.66,90.44,1009.31,2761,0
2026-09-12T14:18:00Z,station01,24.82,88.78,1009.21,2799,0
2026-09-12T14:19:00Z,station01,24.8,90.36,1009.06,2804,0
2026-09-12T14:20:00Z,station01,24.07,90.17,1009.26,2840,0
2026-09-12T14:21:00Z,station01,24.56,89.71,1008.95,2795,0
2026-09-12T14:22:00Z,station01,24.62,91.02,1009.15,2795,0
2026-09-12T14:23:00Z,station01,24.62,90.37,1009.19,2828,0
2026-09-12T14:24:00Z,station01,24.76,90.1,1009.26,2813,0
2026-09-12T14:25:00Z,station01,24.31,89.68,1009.02,2842,0
2026-09-12T14:26:00Z,station01,24.73,89.94,1009.08,2795,0
2026-09-12T14:27:00Z,station01,24.77,90.05,1009.08,2837,0
2026-09-12T14:28:00Z,station01,24.28,90.49,1009.15,2772,0
2026-09-12T14:29:00Z,station01,24.59,91.13,1009.2,2765,0
2026-09-12T14:30:00Z,station01,24.41,89.94,1009.23,2829,0
2026-09-12T14:31:00Z,station01,24.8,90.24,1009.11,2753,0
2026-09-12T14:32:00Z,station01,24.43,90.78,1009.03,2832,0
2026-09-12T14:33:00Z,station01,24.05,92.4,1008.72,2770,0
2026-09-12T14:34:00Z,station01,24.13,92.15,1008.74,2781,0
2026-09-12T14:35:00Z,station01,23.97,92.14,1008.52,2779,0
2026-09-12T14:36:00Z,station01,24.18,92.65,1008.42,2762,0
2026-09-12T14:37:00Z,station01,23.96,93.26,1008.53,2839,0
2026-09-12T14:38:00Z,station01,23.97,94.04,1008.39,2805,0
2026-09-12T14:39:00Z,station01,23.71,94.32,1008.29,2823,0
2026-09-12T14:40:00Z,station01,23.61,94.73,1008.08,2839,0
2026-09-12T14:41:00Z,station01,23.48,96.18,1008.03,2795,0
2026-09-12T14:42:00Z,station01,23.05,96.87,1007.83,2804,0
2026-09-12T14:43:00Z,station01,23.53,95.94,1007.73,2797,0
2026-09-12T14:44:00Z,station01,23.23,95.97,1007.78,2805,0
2026-09-12T14:45:00Z,station01,23.25,97.38,1007.67,2761,0
2026-09-12T14:46:00Z,station01,23.29,97.75,1007.41,2781,0
2026-09-12T14:47:00Z,station01,23.17,98.0,1007.4,2801,0
2026-09-12T14:48:00Z,station01,23.11,98.0,1007.38,2758,0
2026-09-12T14:49:00Z,station01,22.99,98.0,1007.35,2773,0
2026-09-12T14:50:00Z,station01,22.94,98.0,1007.01,2831,0
2026-09-12T14:51:00Z,station01,22.91,98.0,1007.03,2813,0
2026-09-12T14:52:00Z,station01,22.41,98.0,1007.13,2758,0
2026-09-12T14:53:00Z,station01,22.8,98.0,1006.91,2806,0
2026-09-12T14:54:00Z,station01,22.85,98.0,1006.87,2825,0
2026-09-12T14:55:00Z,station01,22.41,98.0,1006.75,2825,0
2026-09-12T14:56:00Z,station01,22.45,98.0,1006.54,2825,0
2026-09-12T14:57:00Z,station01,22.33,98.0,1006.56,2794,0
2026-09-12T14:58:00Z,station01,21.85,98.0,1006.47,2757,0
2026-09-12T14:59:00Z,station01,22.09,98.0,1006.47,2787,0
2026-09-12T15:00:00Z,station01,21.62,98.0,1006.46,2773,0
2026-09-12T15:01:00Z,station01,22.19,98.0,1006.43,2780,0
2026-09-12T15:02:00Z,station01,22.27,98.0,1006.2,2775,0
2026-09-12T15:03:00Z,station01,22.11,98.0,1006.36,2819,0
2026-09-12T15:04:00Z,station01,21.92,98.0,1006.07,2770,0
2026-09-12T15:05:00Z,station01,21.97,98.0,1006.15,2751,0
2026-09-12T15:06:00Z,station01,21.85,98.0,1006.14,2776,0
2026-09-12T15:07:00Z,station01,22.03,98.0,1005.89,2768,0
2026-09-12T15:08:00Z,station01,21.99,98.0,1005.79,2815,0
2026-09-12T15:09:00Z,station01,21.51,98.0,1005.88,2813,0
2026-09-12T15:10:00Z,station01,21.33,98.0,1005.76,659,1
2026-09-12T15:11:00Z,station01,21.63,98.0,1005.66,649,1
2026-09-12T15:12:00Z,station01,21.48,98.0,1005.73,835,1
2026-09-12T15:13:00Z,station01,21.33,98.0,1005.47,850,1
2026-09-12T15:14:00Z,station01,21.39,98.0,1005.74,969,1
2026-09-12T15:15:00Z,station01,21.44,98.0,1005.42,818,1
2026-09-12T15:16:00Z,station01,21.56,98.0,1005.38,823,1
2026-09-12T15:17:00Z,station01,21.3,98.0,1005.47,1056,1
2026-09-12T15:18:00Z,station01,21.78,98.0,1005.48,630,1
2026-09-12T15:19:00Z,station01,21.7,98.0,1005.24,638,1
2026-09-12T15:20:00Z,station01,21.19,98.0,1005.39,1086,1
2026-09-12T15:21:00Z,station01,21.5,98.0,1005.33,626,1
2026-09-12T15:22:00Z,station01,21.46,98.0,1005.32,878,1
2026-09-12T15:23:00Z,station01,21.54,98.0,1005.19,743,1
2026-09-12T15:24:00Z,station01,21.41,98.0,1005.25,700,1
2026-09-12T15:25:00Z,station01,21.42,98.0,1005.25,917,1
2026-09-12T15:26:00Z,station01,21.25,98.0,1005.16,845,1
2026-09-12T15:27:00Z,station01,21.16,98.0,1005.11,950,1
2026-09-12T15:28:00Z,station01,21.11,98.0,1005.15,619,1
2026-09-12T15:29:00Z,station01,21.35,98.0,1005.06,1096,1
2026-09-12T15:30:00Z,station01,21.59,98.0,1005.19,1014,1
2026-09-12T15:31:00Z,station01,21.72,98.0,1005.16,717,1
2026-09-12T15:32:00Z,station01,21.41,98.0,1005.21,841,1
2026-09-12T15:33:00Z,station01,20.99,98.0,1005.24,676,1
2026-09-12T15:34:00Z,station01,21.64,98.0,1005.29,1046,1
2026-09-12T15:35:00Z,station01,21.54,98.0,1005.48,845,1
2026-09-12T15:36:00Z,station01,21.38,98.0,1005.34,1000,1
2026-09-12T15:37:00Z,station01,21.82,98.0,1005.21,772,1
2026-09-12T15:38:00Z,station01,20.94,98.0,1005.21,886,1
2026-09-12T15:39:00Z,station01,21.38,98.0,1005.38,827,1
2026-09-12T15:40:00Z,station01,21.89,98.0,1005.16,668,1
2026-09-12T15:41:00Z,station01,21.63,98.0,1005.39,996,1
2026-09-12T15:42:00Z,station01,21.44,98.0,1005.26,933,1
2026-09-12T15:43:00Z,station01,21.79,98.0,1005.38,618,1
2026-09-12T15:44:00Z,station01,21.88,98.0,1005.31,1020,1
2026-09-12T15:45:00Z,station01,21.64,98.0,1005.44,613,1
2026-09-12T15:46:00Z,station01,21.95,98.0,1005.59,666,1
2026-09-12T15:47:00Z,station01,21.84,98.0,1005.59,833,1
2026-09-12T15:48:00Z,station01,21.51,98.0,1005.73,840,1
2026-09-12T15:49:00Z,station01,22.21,98.0,1005.81,908,1
2026-09-12T15:50:00Z,station01,22.05,98.0,1005.63,1027,1
2026-09-12T15:51:00Z,station01,22.22,98.0,1005.74,634,1
2026-09-12T15:52:00Z,station01,22.07,98.0,1005.73,877,1
2026-09-12T15:53:00Z,station01,22.25,98.0,1005.92,699,1
2026-09-12T15:54:00Z,station01,22.43,98.0,1005.92,677,1
2026-09-12T15:55:00Z,station01,22.2,98.0,1005.84,674,1
2026-09-12T15:56:00Z,station01,22.4,98.0,1005.95,973,1
2026-09-12T15:57:00Z,station01,22.59,98.0,1005.99,814,1
2026-09-12T15:58:00Z,station01,22.17,98.0,1005.99,1026,1
2026-09-12T15:59:00Z,station01,22.94,98.0,1006.16,738,1
2026-09-12T16:00:00Z,station01,22.48,98.0,1006.07,793,1
2026-09-12T16:01:00Z,station01,23.05,98.0,1006.44,1060,1
2026-09-12T16:02:00Z,station01,22.56,98.0,1006.14,730,1
2026-09-12T16:03:00Z,station01,23.05,98.0,1006.51,867,1
2026-09-12T16:04:00Z,station01,22.94,98.0,1006.6,893,1
2026-09-12T16:05:00Z,station01,23.01,98.0,1006.58,904,1
2026-09-12T16:06:00Z,station01,22.71,98.0,1006.54,820,1
2026-09-12T16:07:00Z,station01,22.72,98.0,1006.71,615,1
2026-09-12T16:08:00Z,station01,23.48,98.0,1006.82,766,1
2026-09-12T16:09:00Z,station01,23.31,97.78,1006.82,901,1
2026-09-12T16:10:00Z,station01,23.53,96.95,1007.02,852,1
2026-09-12T16:11:00Z,station01,23.58,97.12,1007.16,1086,1
2026-09-12T16:12:00Z,station01,23.47,96.45,1007.12,785,1
2026-09-12T16:13:00Z,station01,23.75,95.65,1007.13,674,1
2026-09-12T16:14:00Z,station01,23.76,94.04,1007.34,894,1
2026-09-12T16:15:00Z,station01,24.15,95.1,1007.61,894,1
2026-09-12T16:16:00Z,station01,23.95,94.35,1007.6,990,1
2026-09-12T16:17:00Z,station01,23.62,93.37,1007.45,797,1
2026-09-12T16:18:00Z,station01,24.1,92.14,1007.72,783,1
2026-09-12T16:19:00Z,station01,24.24,92.56,1007.66,888,1
2026-09-12T16:20:00Z,station01,24.21,91.95,1008.05,2831,0
2026-09-12T16:21:00Z,station01,24.75,91.63,1007.96,2840,0
2026-09-12T16:22:00Z,station01,24.79,90.85,1008.1,2801,0
2026-09-12T16:23:00Z,station01,24.2,90.12,1008.1,2800,0
2026-09-12T16:24:00Z,station01,24.64,89.52,1008.2,2769,0
2026-09-12T16:25:00Z,station01,24.77,88.8,1008.38,2756,0
2026-09-12T16:26:00Z,station01,24.98,89.34,1008.42,2792,0
2026-09-12T16:27:00Z,station01,25.23,87.68,1008.57,2820,0
2026-09-12T16:28:00Z,station01,24.99,87.51,1008.58,2760,0
2026-09-12T16:29:00Z,station01,25.29,87.09,1008.65,2775,0
2026-09-12T16:30:00Z,station01,25.71,86.59,1008.89,2750,0
2026-09-12T16:31:00Z,station01,25.45,85.93,1008.74,2787,0
2026-09-12T16:32:00Z,station01,25.69,85.12,1008.69,2833,0
2026-09-12T16:33:00Z,station01,25.64,85.65,1008.79,2778,0
2026-09-12T16:34:00Z,station01,25.45,85.96,1008.9,2821,0
2026-09-12T16:35:00Z,station01,25.21,86.29,1008.74,2847,0
2026-09-12T16:36:00Z,station01,25.41,85.65,1008.85,2806,0
2026-09-12T16:37:00Z,station01,25.18,84.19,1008.85,2821,0
2026-09-12T16:38:00Z,station01,25.32,85.25,1008.85,2814,0
2026-09-12T16:39:00Z,station01,25.64,85.61,1008.91,2844,0
2026-09-12T16:40:00Z,station01,25.21,85.76,1008.7,2833,0
2026-09-12T16:41:00Z,station01,25.39,85.98,1008.79,2843,0
2026-09-12T16:42:00Z,station01,25.52,85.37,1008.67,2776,0
2026-09-12T16:43:00Z,station01,25.78,86.14,1008.98,2794,0
2026-09-12T16:44:00Z,station01,25.39,85.95,1008.8,2774,0
2026-09-12T16:45:00Z,station01,25.52,85.8,1008.94,2829,0
2026-09-12T16:46:00Z,station01,25.58,85.5,1008.85,2809,0
2026-09-12T16:47:00Z,station01,25.72,85.56,1008.76,2793,0
2026-09-12T16:48:00Z,station01,25.52,85.99,1008.84,2818,0
2026-09-12T16:49:00Z,station01,25.65,85.95,1008.66,2784,0
2026-09-12T16:50:00Z,station01,25.88,85.54,1008.53,2812,0
2026-09-12T16:51:00Z,station01,25.69,84.38,1008.83,2782,0
2026-09-12T16:52:00Z,station01,25.73,85.69,1008.8,2763,0
2026-09-12T16:53:00Z,station01,25.57,85.04,1008.79,2827,0
2026-09-12T16:54:00Z,station01,25.55,85.22,1008.68,2764,0
2026-09-12T16:55:00Z,station01,25.44,84.97,1008.74,2796,0
2026-09-12T16:56:00Z,station01,25.75,85.3,1008.67,2820,0
2026-09-12T16:57:00Z,station01,25.81,85.27,1008.51,2764,0
2026-09-12T16:58:00Z,station01,25.87,84.85,1008.68,2845,0
2026-09-12T16:59:00Z,station01,26.1,85.12,1008.81,2808,0
2026-09-12T17:00:00Z,station01,25.74,84.31,1008.64,2848,0
2026-09-12T17:01:00Z,station01,25.37,83.95,1008.64,2801,0
2026-09-12T17:02:00Z,station01,25.96,84.29,1008.55,2828,0
2026-09-12T17:03:00Z,station01,26.1,83.95,1008.58,2769,0
2026-09-12T17:04:00Z,station01,26.04,85.12,1008.58,2784,0
2026-09-12T17:05:00Z,station01,26.08,85.03,1008.48,2794,0
2026-09-12T17:06:00Z,station01,26.1,84.47,1008.57,2786,0
2026-09-12T17:07:00Z,station01,25.94,83.8,1008.58,2751,0
2026-09-12T17:08:00Z,station01,26.0,83.04,1008.54,2764,0
2026-09-12T17:09:00Z,station01,26.43,85.14,1008.36,2768,0
2026-09-12T17:10:00Z,station01,25.79,83.66,1008.58,2773,0
2026-09-12T17:11:00Z,station01,26.09,83.49,1008.46,2781,0
2026-09-12T17:12:00Z,station01,25.73,84.6,1008.55,2769,0
2026-09-12T17:13:00Z,station01,25.78,83.69,1008.66,2759,0
2026-09-12T17:14:00Z,station01,25.98,83.48,1008.3,2757,0
2026-09-12T17:15:00Z,station01,26.21,84.27,1008.54,2805,0
2026-09-12T17:16:00Z,station01,25.74,82.57,1008.38,2811,0
2026-09-12T17:17:00Z,station01,25.82,83.85,1008.45,2839,0
2026-09-12T17:18:00Z,station01,25.92,84.35,1008.33,2801,0
2026-09-12T17:19:00Z,station01,26.13,83.91,1008.37,2795,0
2026-09-12T17:20:00Z,station01,26.21,83.84,1008.42,2764,0
2026-09-12T17:21:00Z,station01,25.95,83.02,1008.74,2807,0
2026-09-12T17:22:00Z,station01,25.98,82.77,1008.51,2751,0
2026-09-12T17:23:00Z,station01,26.12,83.06,1008.25,2832,0
2026-09-12T17:24:00Z,station01,26.53,83.59,1008.22,2795,0
2026-09-12T17:25:00Z,station01,26.33,82.96,1008.26,2825,0
2026-09-12T17:26:00Z,station01,26.1,83.31,1008.37,2769,0
2026-09-12T17:27:00Z,station01,26.27,83.24,1008.38,2794,0
2026-09-12T17:28:00Z,station01,25.81,83.35,1008.52,2793,0
2026-09-12T17:29:00Z,station01,26.46,82.53,1008.35,2825,0
2026-09-12T17:30:00Z,station01,26.3,82.56,1008.33,2758,0
2026-09-12T17:31:00Z,station01,26.39,83.69,1008.17,2770,0
2026-09-12T17:32:00Z,station01,26.51,83.12,1008.39,2840,0
2026-09-12T17:33:00Z,station01,26.15,83.12,1008.3,2837,0
2026-09-12T17:34:00Z,station01,26.44,83.52,1008.4,2757,0
2026-09-12T17:35:00Z,station01,26.21,82.3,1008.21,2809,0
2026-09-12T17:36:00Z,station01,26.5,82.56,1008.25,2796,0
2026-09-12T17:37:00Z,station01,26.43,81.66,1008.36,2770,0
2026-09-12T17:38:00Z,station01,26.21,82.42,1008.21,2791,0
2026-09-12T17:39:00Z,station01,26.13,82.31,1008.32,2814,0
2026-09-12T17:40:00Z,station01,26.67,82.39,1008.32,2771,0
2026-09-12T17:41:00Z,station01,26.36,83.02,1008.06,2768,0
2026-09-12T17:42:00Z,station01,26.42,82.4,1008.12,2819,0
2026-09-12T17:43:00Z,station01,26.43,81.92,1008.19,2763,0
2026-09-12T17:44:00Z,station01,26.45,82.13,1008.28,2755,0
2026-09-12T17:45:00Z,station01,26.46,82.38,1008.26,2767,0
2026-09-12T17:46:00Z,station01,26.25,81.88,1008.1,2811,0
2026-09-12T17:47:00Z,station01,26.57,82.04,1008.22,2821,0
2026-09-12T17:48:00Z,station01,26.46,81.56,1008.23,2793,0
2026-09-12T17:49:00Z,station01,26.23,81.45,1008.07,2808,0
2026-09-12T17:50:00Z,station01,26.63,81.55,1008.17,2816,0
2026-09-12T17:51:00Z,station01,26.47,80.98,1008.3,2814,0
2026-09-12T17:52:00Z,station01,27.15,82.17,1008.05,2811,0
2026-09-12T17:53:00Z,station01,26.88,82.27,1008.05,2797,0
2026-09-12T17:54:00Z,station01,26.14,81.82,1008.11,2816,0
2026-09-12T17:55:00Z,station01,26.81,81.73,1008.13,2843,0
2026-09-12T17:56:00Z,station01,26.84,81.94,1008.17,2763,0
2026-09-12T17:57:00Z,station01,26.94,80.87,1008.1,2832,0
2026-09-12T17:58:00Z,station01,26.32,80.96,1007.93,2841,0
2026-09-12T17:59:00Z,station01,26.68,81.47,1007.98,2785,0
2026-09-12T18:00:00Z,station01,26.18,80.65,1007.91,2804,0
2026-09-12T18:01:00Z,station01,26.76,81.02,1007.83,2758,0
2026-09-12T18:02:00Z,station01,26.7,80.48,1008.1,2820,0
2026-09-12T18:03:00Z,station01,26.94,80.6,1008.15,2766,0
2026-09-12T18:04:00Z,station01,26.74,80.92,1008.14,2795,0
2026-09-12T18:05:00Z,station01,26.96,80.64,1007.97,2806,0
2026-09-12T18:06:00Z,station01,26.63,80.75,1007.92,2828,0
2026-09-12T18:07:00Z,station01,26.83,79.76,1007.81,2753,0
2026-09-12T18:08:00Z,station01,26.97,80.52,1007.89,2844,0
2026-09-12T18:09:00Z,station01,26.88,79.99,1007.86,2786,0
2026-09-12T18:10:00Z,station01,27.04,79.9,1007.91,2805,0
2026-09-12T18:11:00Z,station01,27.06,81.09,1007.77,2788,0
2026-09-12T18:12:00Z,station01,27.14,79.86,1007.79,2763,0
2026-09-12T18:13:00Z,station01,27.0,80.67,1007.89,2809,0
2026-09-12T18:14:00Z,station01,27.19,80.37,1007.77,2809,0
2026-09-12T18:15:00Z,station01,26.96,79.59,1008.01,2789,0
2026-09-12T18:16:00Z,station01,27.4,79.7,1007.85,2787,0
2026-09-12T18:17:00Z,station01,27.15,79.82,1007.82,2792,0
2026-09-12T18:18:00Z,station01,27.54,79.65,1007.85,2780,0
2026-09-12T18:19:00Z,station01,26.9,79.9,1007.84,2836,0
2026-09-12T18:20:00Z,station01,26.95,79.56,1007.91,2800,0
2026-09-12T18:21:00Z,station01,26.84,80.2,1007.71,2833,0
2026-09-12T18:22:00Z,station01,27.06,79.83,1007.86,2839,0
2026-09-12T18:23:00Z,station01,27.52,79.09,1007.88,2804,0
2026-09-12T18:24:00Z,station01,26.83,79.03,1007.79,2754,0
2026-09-12T18:25:00Z,station01,27.36,78.75,1007.73,2785,0
2026-09-12T18:26:00Z,station01,27.01,79.61,1007.65,2821,0
2026-09-12T18:27:00Z,station01,27.26,79.08,1007.67,2758,0
2026-09-12T18:28:00Z,station01,27.23,78.64,1007.7,2847,0
2026-09-12T18:29:00Z,station01,26.98,79.31,1007.71,2783,0
2026-09-12T18:30:00Z,station01,27.25,79.61,1007.56,2815,0
2026-09-12T18:31:00Z,station01,27.44,78.75,1007.72,2820,0
2026-09-12T18:32:00Z,station01,27.06,78.43,1007.62,2796,0
2026-09-12T18:33:00Z,station01,27.08,79.85,1007.58,2803,0
2026-09-12T18:34:00Z,station01,27.52,78.27,1007.62,2760,0
2026-09-12T18:35:00Z,station01,27.55,78.64,1007.47,2776,0
2026-09-12T18:36:00Z,station01,27.03,78.5,1007.56,2753,0
2026-09-12T18:37:00Z,station01,27.83,77.89,1007.66,2811,0
2026-09-12T18:38:00Z,station01,27.44,78.52,1007.7,2845,0
2026-09-12T18:39:00Z,station01,27.76,78.71,1007.38,2821,0
2026-09-12T18:40:00Z,station01,27.3,78.03,1007.42,2813,0
2026-09-12T18:41:00Z,station01,27.48,77.54,1007.51,2778,0
2026-09-12T18:42:00Z,station01,27.61,78.21,1007.73,2766,0
2026-09-12T18:43:00Z,station01,27.57,76.93,1007.59,2843,0
2026-09-12T18:44:00Z,station01,27.59,78.23,1007.47,2811,0
2026-09-12T18:45:00Z,station01,27.64,77.24,1007.52,2780,0
2026-09-12T18:46:00Z,station01,27.14,77.65,1007.55,2760,0
2026-09-12T18:47:00Z,station01,27.75,78.24,1007.6,2787,0
2026-09-12T18:48:00Z,station01,27.49,77.19,1007.46,2826,0
2026-09-12T18:49:00Z,station01,27.71,77.95,1007.61,2767,0
2026-09-12T18:50:00Z,station01,27.67,77.92,1007.59,2756,0
2026-09-12T18:51:00Z,station01,27.33,76.69,1007.47,2761,0
2026-09-12T18:52:00Z,station01,27.62,77.31,1007.53,2788,0
2026-09-12T18:53:00Z,station01,27.67,78.3,1007.5,2822,0
2026-09-12T18:54:00Z,station01,27.68,76.19,1007.44,2814,0
2026-09-12T18:55:00Z,station01,27.74,76.21,1007.47,2789,0
2026-09-12T18:56:00Z,station01,27.42,77.22,1007.44,2790,0
2026-09-12T18:57:00Z,station01,27.63,76.82,1007.3,2779,0
2026-09-12T18:58:00Z,station01,27.68,76.91,1007.52,2814,0
2026-09-12T18:59:00Z,station01,27.95,77.62,1007.48,2840,0
2026-09-12T19:00:00Z,station01,27.77,76.99,1007.37,2827,0
2026-09-12T19:01:00Z,station01,27.78,75.65,1007.38,2767,0
2026-09-12T19:02:00Z,station01,27.69,77.14,1007.3,2783,0
2026-09-12T19:03:00Z,station01,27.51,77.54,1007.34,2787,0
2026-09-12T19:04:00Z,station01,28.05,76.26,1007.37,2756,0
2026-09-12T19:05:00Z,station01,27.86,75.98,1007.39,2802,0
2026-09-12T19:06:00Z,station01,27.92,75.93,1007.55,2800,0
2026-09-12T19:07:00Z,station01,27.88,76.74,1007.28,2822,0
2026-09-12T19:08:00Z,station01,27.72,75.64,1007.21,2797,0
2026-09-12T19:09:00Z,station01,27.97,76.08,1007.26,2827,0
2026-09-12T19:10:00Z,station01,28.24,76.69,1007.38,2755,0
2026-09-12T19:11:00Z,station01,28.1,75.77,1007.44,2791,0
2026-09-12T19:12:00Z,station01,27.58,75.7,1007.16,2780,0
2026-09-12T19:13:00Z,station01,28.14,75.42,1007.23,2822,0
2026-09-12T19:14:00Z,station01,28.04,76.47,1007.32,2754,0
2026-09-12T19:15:00Z,station01,28.17,76.07,1007.24,2787,0
2026-09-12T19:16:00Z,station01,28.24,75.07,1007.41,2848,0
2026-09-12T19:17:00Z,station01,28.45,75.65,1007.14,2789,0
2026-09-12T19:18:00Z,station01,28.27,75.0,1007.35,2799,0
2026-09-12T19:19:00Z,station01,27.82,75.28,1007.04,2756,0
2026-09-12T19:20:00Z,station01,28.29,75.54,1007.23,2767,0
2026-09-12T19:21:00Z,station01,28.21,74.67,1007.04,2768,0
2026-09-12T19:22:00Z,station01,27.96,74.68,1007.22,2787,0
2026-09-12T19:23:00Z,station01,27.89,74.64,1007.3,2823,0
2026-09-12T19:24:00Z,station01,28.26,74.34,1007.29,2771,0
2026-09-12T19:25:00Z,station01,28.41,74.74,1007.28,2777,0
2026-09-12T19:26:00Z,station01,28.26,74.83,1007.44,2826,0
2026-09-12T19:27:00Z,station01,28.66,75.45,1007.2,2792,0
2026-09-12T19:28:00Z,station01,28.52,73.97,1007.02,2766,0
2026-09-12T19:29:00Z,station01,28.32,74.88,1007.25,2810,0
2026-09-12T19:30:00Z,station01,28.65,74.75,1007.06,2758,0
2026-09-12T19:31:00Z,station01,28.58,74.19,1007.03,2795,0
2026-09-12T19:32:00Z,station01,28.46,74.82,1007.14,2760,0
2026-09-12T19:33:00Z,station01,28.67,73.75,1007.11,2842,0
2026-09-12T19:34:00Z,station01,28.5,73.27,1007.3,2848,0
2026-09-12T19:35:00Z,station01,28.53,74.6,1007.06,2836,0
2026-09-12T19:36:00Z,station01,28.8,73.75,1007.03,2789,0
2026-09-12T19:37:00Z,station01,28.48,72.69,1007.23,2814,0
2026-09-12T19:38:00Z,station01,28.54,74.05,1006.98,2835,0
2026-09-12T19:39:00Z,station01,29.0,73.88,1007.04,2832,0
2026-09-12T19:40:00Z,station01,28.6,73.86,1007.13,2814,0
2026-09-12T19:41:00Z,station01,28.45,73.69,1007.01,2752,0
2026-09-12T19:42:00Z,station01,28.4,73.53,1006.9,2783,0
2026-09-12T19:43:00Z,station01,28.88,73.04,1007.12,2779,0
2026-09-12T19:44:00Z,station01,28.78,72.93,1007.11,2753,0
2026-09-12T19:45:00Z,station01,28.75,73.36,1006.79,2821,0
2026-09-12T19:46:00Z,station01,28.8,73.02,1007.01,2769,0
2026-09-12T19:47:00Z,station01,28.81,72.97,1007.11,2847,0
2026-09-12T19:48:00Z,station01,28.88,73.57,1007.11,2839,0
2026-09-12T19:49:00Z,station01,28.77,72.14,1006.96,2795,0
2026-09-12T19:50:00Z,station01,28.6,72.19,1007.02,2778,0
2026-09-12T19:51:00Z,station01,28.95,72.79,1006.96,2817,0
2026-09-12T19:52:00Z,station01,29.12,72.08,1007.08,2758,0
2026-09-12T19:53:00Z,station01,29.05,72.43,1006.94,2792,0
2026-09-12T19:54:00Z,station01,28.6,72.34,1006.99,2832,0
2026-09-12T19:55:00Z,station01,28.92,71.77,1007.28,2836,0
2026-09-12T19:56:00Z,station01,28.96,72.1,1006.83,2805,0
2026-09-12T19:57:00Z,station01,28.72,71.97,1007.03,2771,0
2026-09-12T19:58:00Z,station01,28.97,73.24,1007.12,2804,0
2026-09-12T19:59:00Z,station01,29.13,72.33,1006.9,2803,0
2026-09-12T20:00:00Z,station01,28.99,71.52,1007.04,2816,0
2026-09-12T20:01:00Z,station01,28.67,71.95,1006.86,2849,0
2026-09-12T20:02:00Z,station01,28.57,72.38,1007.17,2848,0
2026-09-12T20:03:00Z,station01,29.33,71.46,1006.83,2762,0
2026-09-12T20:04:00Z,station01,29.09,71.7,1007.01,2815,0
2026-09-12T20:05:00Z,station01,28.98,71.44,1007.03,2765,0
2026-09-12T20:06:00Z,station01,29.25,71.96,1007.07,2757,0
2026-09-12T20:07:00Z,station01,29.43,72.13,1006.9,2757,0
2026-09-12T20:08:00Z,station01,29.32,71.13,1007.05,2838,0
2026-09-12T20:09:00Z,station01,29.03,70.85,1007.01,2827,0
2026-09-12T20:10:00Z,station01,29.43,71.22,1006.78,2841,0
2026-09-12T20:11:00Z,station01,29.42,71.28,1006.83,2830,0
2026-09-12T20:12:00Z,station01,29.18,71.57,1006.99,2834,0
2026-09-12T20:13:00Z,station01,29.53,70.72,1006.89,2806,0
2026-09-12T20:14:00Z,station01,29.33,71.01,1006.83,2771,0
2026-09-12T20:15:00Z,station01,29.43,71.57,1006.7,2839,0
2026-09-12T20:16:00Z,station01,29.27,70.85,1007.04,2792,0
2026-09-12T20:17:00Z,station01,29.42,70.46,1006.83,2779,0
2026-09-12T20:18:00Z,station01,29.6,70.64,1007.0,2768,0
2026-09-12T20:19:00Z,station01,29.3,70.68,1007.02,2844,0
2026-09-12T20:20:00Z,station01,29.84,69.98,1006.94,2771,0
2026-09-12T20:21:00Z,station01,29.2,70.34,1006.69,2830,0
2026-09-12T20:22:00Z,station01,29.47,71.18,1006.94,2792,0
2026-09-12T20:23:00Z,station01,29.82,69.55,1006.81,2789,0
2026-09-12T20:24:00Z,station01,29.26,70.68,1006.88,2762,0
2026-09-12T20:25:00Z,station01,29.83,70.39,1006.85,2835,0
2026-09-12T20:26:00Z,station01,29.3,69.72,1006.77,2834,0
2026-09-12T20:27:00Z,station01,29.35,69.94,1007.03,2808,0
2026-09-12T20:28:00Z,station01,29.52,69.47,1006.88,2750,0
2026-09-12T20:29:00Z,station01,29.55,69.46,1006.83,2839,0
2026-09-12T20:30:00Z,station01,29.48,70.12,1006.75,2798,0
2026-09-12T20:31:00Z,station01,29.69,68.95,1006.96,2847,0
2026-09-12T20:32:00Z,station01,29.76,70.07,1006.98,2816,0
2026-09-12T20:33:00Z,station01,29.43,69.25,1006.88,2847,0
2026-09-12T20:34:00Z,station01,29.74,68.95,1006.85,2803,0
2026-09-12T20:35:00Z,station01,29.98,69.2,1006.94,2821,0
2026-09-12T20:36:00Z,station01,29.84,69.26,1006.73,2785,0
2026-09-12T20:37:00Z,station01,29.6,69.45,1006.93,2844,0
2026-09-12T20:38:00Z,station01,29.85,68.05,1006.86,2759,0
2026-09-12T20:39:00Z,station01,29.89,69.34,1006.72,2784,0
2026-09-12T20:40:00Z,station01,29.77,68.23,1006.92,2796,0
2026-09-12T20:41:00Z,station01,29.73,68.48,1006.72,2759,0
2026-09-12T20:42:00Z,station01,29.76,68.13,1006.86,2787,0
2026-09-12T20:43:00Z,station01,29.83,68.73,1006.85,2815,0
2026-09-12T20:44:00Z,station01,29.71,68.33,1006.81,2768,0
2026-09-12T20:45:00Z,station01,30.02,68.64,1006.79,2787,0
2026-09-12T20:46:00Z,station01,30.3,68.24,1006.79,2788,0
2026-09-12T20:47:00Z,station01,29.51,67.66,1007.0,2806,0
2026-09-12T20:48:00Z,station01,30.26,68.39,1006.83,2808,0
2026-09-12T20:49:00Z,station01,30.06,67.64,1006.92,2823,0
2026-09-12T20:50:00Z,station01,29.81,68.57,1006.77,2782,0
2026-09-12T20:51:00Z,station01,29.95,67.91,1006.96,2757,0
2026-09-12T20:52:00Z,station01,30.03,67.83,1006.83,2832,0
2026-09-12T20:53:00Z,station01,29.95,67.17,1006.66,2822,0
2026-09-12T20:54:00Z,station01,29.99,66.92,1006.65,2783,0
2026-09-12T20:55:00Z,station01,29.93,68.99,1006.96,2832,0
2026-09-12T20:56:00Z,station01,30.04,66.97,1006.92,2792,0
2026-09-12T20:57:00Z,station01,29.92,67.58,1006.73,2777,0
2026-09-12T20:58:00Z,station01,29.98,67.59,1006.92,2753,0
2026-09-12T20:59:00Z,station01,30.0,66.29,1006.92,2805,0
2026-09-12T21:00:00Z,station01,30.34,66.98,1006.7,2820,0
2026-09-12T21:01:00Z,station01,30.33,68.08,1006.74,2752,0
2026-09-12T21:02:00Z,station01,29.9,67.05,1006.63,2750,0
2026-09-12T21:03:00Z,station01,30.19,67.79,1006.8,2813,0
2026-09-12T21:04:00Z,station01,30.07,67.31,1006.81,2820,0
2026-09-12T21:05:00Z,station01,30.11,66.49,1006.91,2759,0
2026-09-12T21:06:00Z,station01,30.39,67.43,1006.75,2816,0
2026-09-12T21:07:00Z,station01,29.98,66.59,1006.79,2781,0
2026-09-12T21:08:00Z,station01,30.32,66.37,1006.69,2838,0
2026-09-12T21:09:00Z,station01,30.72,66.39,1006.78,2832,0
2026-09-12T21:10:00Z,station01,30.5,67.22,1006.82,2754,0
2026-09-12T21:11:00Z,station01,30.16,67.55,1006.82,2786,0
2026-09-12T21:12:00Z,station01,30.73,66.57,1006.88,2781,0
2026-09-12T21:13:00Z,station01,30.28,65.89,1006.73,2802,0
2026-09-12T21:14:00Z,station01,30.33,66.3,1006.8,2803,0
2026-09-12T21:15:00Z,station01,30.4,66.57,1006.68,2759,0
2026-09-12T21:16:00Z,station01,30.33,66.03,1006.94,2763,0
2026-09-12T21:17:00Z,station01,30.26,65.7,1006.93,2841,0
2026-09-12T21:18:00Z,station01,30.36,65.53,1006.78,2791,0
2026-09-12T21:19:00Z,station01,30.41,66.33,1007.05,2784,0
2026-09-12T21:20:00Z,station01,30.6,66.03,1006.71,2837,0
2026-09-12T21:21:00Z,station01,30.67,64.93,1006.95,2796,0
2026-09-12T21:22:00Z,station01,30.66,65.09,1006.73,2793,0
2026-09-12T21:23:00Z,station01,30.45,65.83,1006.7,2801,0
2026-09-12T21:24:00Z,station01,30.28,65.24,1006.83,2804,0
2026-09-12T21:25:00Z,station01,30.87,65.23,1006.69,2820,0
2026-09-12T21:26:00Z,station01,30.59,65.38,1006.86,2819,0
2026-09-12T21:27:00Z,station01,30.92,65.49,1006.69,2814,0
2026-09-12T21:28:00Z,station01,31.01,64.88,1006.75,2756,0
2026-09-12T21:29:00Z,station01,30.82,65.29,1007.0,2831,0
2026-09-12T21:30:00Z,station01,30.92,65.47,1006.7,2825,0
2026-09-12T21:31:00Z,station01,30.73,64.74,1006.92,2764,0
2026-09-12T21:32:00Z,station01,30.56,64.23,1006.78,2771,0
2026-09-12T21:33:00Z,station01,30.73,65.02,1006.65,2810,0
2026-09-12T21:34:00Z,station01,31.11,64.46,1007.08,2787,0
2026-09-12T21:35:00Z,station01,30.9,64.53,1006.98,2760,0
2026-09-12T21:36:00Z,station01,30.8,64.91,1006.87,2750,0
2026-09-12T21:37:00Z,station01,30.75,64.12,1006.86,2829,0
2026-09-12T21:38:00Z,station01,31.03,64.55,1006.9,2752,0
2026-09-12T21:39:00Z,station01,30.83,63.89,1006.93,2820,0
2026-09-12T21:40:00Z,station01,31.0,63.98,1006.94,2792,0
2026-09-12T21:41:00Z,station01,30.84,63.73,1006.82,2777,0
2026-09-12T21:42:00Z,station01,30.91,64.09,1006.74,2782,0
2026-09-12T21:43:00Z,station01,30.73,63.83,1006.81,2800,0
2026-09-12T21:44:00Z,station01,31.16,63.63,1006.91,2799,0
2026-09-12T21:45:00Z,station01,30.91,65.04,1006.78,2808,0
2026-09-12T21:46:00Z,station01,31.04,64.87,1006.68,2841,0
2026-09-12T21:47:00Z,station01,30.73,64.1,1006.82,2791,0
2026-09-12T21:48:00Z,station01,30.98,63.82,1006.93,2830,0
2026-09-12T21:49:00Z,station01,31.36,62.87,1006.87,2750,0
2026-09-12T21:50:00Z,station01,30.91,63.92,1007.09,2800,0
2026-09-12T21:51:00Z,station01,31.32,64.48,1006.79,2847,0
2026-09-12T21:52:00Z,station01,31.22,63.15,1006.89,2755,0
2026-09-12T21:53:00Z,station01,31.15,63.79,1006.86,2780,0
2026-09-12T21:54:00Z,station01,31.26,63.3,1006.86,2803,0
2026-09-12T21:55:00Z,station01,31.32,63.14,1006.65,2800,0
2026-09-12T21:56:00Z,station01,31.43,63.23,1006.91,2777,0
2026-09-12T21:57:00Z,station01,31.54,63.95,1007.08,2809,0
2026-09-12T21:58:00Z,station01,31.18,63.23,1006.71,2826,0
2026-09-12T21:59:00Z,station01,31.22,63.51,1006.92,2755,0
2026-09-12T22:00:00Z,station01,31.25,63.13,1007.04,2826,0
2026-09-12T22:01:00Z,station01,31.14,62.58,1006.96,2766,0
2026-09-12T22:02:00Z,station01,30.98,62.2,1007.01,2836,0
2026-09-12T22:03:00Z,station01,31.15,63.01,1007.08,2812,0
2026-09-12T22:04:00Z,station01,31.41,63.19,1007.13,2837,0
2026-09-12T22:05:00Z,station01,31.18,62.89,1007.23,2752,0
2026-09-12T22:06:00Z,station01,31.46,62.25,1006.85,2779,0
2026-09-12T22:07:00Z,station01,31.44,62.88,1007.04,2846,0
2026-09-12T22:08:00Z,station01,31.21,61.92,1007.01,2804,0
2026-09-12T22:09:00Z,station01,31.37,63.02,1007.07,2846,0
2026-09-12T22:10:00Z,station01,31.45,62.55,1007.17,2806,0
2026-09-12T22:11:00Z,station01,31.34,62.35,1007.08,2805,0
2026-09-12T22:12:00Z,station01,31.75,61.57,1006.99,2819,0
2026-09-12T22:13:00Z,station01,31.36,61.98,1006.99,2754,0
2026-09-12T22:14:00Z,station01,31.3,61.45,1006.83,2768,0
2026-09-12T22:15:00Z,station01,31.46,62.16,1007.14,2790,0
2026-09-12T22:16:00Z,station01,31.2,61.63,1007.16,2751,0
2026-09-12T22:17:00Z,station01,31.45,61.83,1006.91,2778,0
2026-09-12T22:18:00Z,station01,31.55,62.61,1006.91,2785,0
2026-09-12T22:19:00Z,station01,31.74,61.74,1006.92,2828,0
2026-09-12T22:20:00Z,station01,31.57,61.94,1006.96,2842,0
2026-09-12T22:21:00Z,station01,31.64,61.41,1007.21,2798,0
2026-09-12T22:22:00Z,station01,31.38,61.33,1007.0,2796,0
2026-09-12T22:23:00Z,station01,31.57,61.06,1007.21,2788,0
2026-09-12T22:24:00Z,station01,31.52,61.54,1007.31,2838,0
2026-09-12T22:25:00Z,station01,31.72,61.13,1006.99,2778,0
2026-09-12T22:26:00Z,station01,31.85,61.71,1007.15,2775,0
2026-09-12T22:27:00Z,station01,31.6,61.14,1007.01,2826,0
2026-09-12T22:28:00Z,station01,31.76,61.15,1007.04,2821,0
2026-09-12T22:29:00Z,station01,31.68,60.51,1007.05,2797,0
2026-09-12T22:30:00Z,station01,31.75,61.09,1007.15,2847,0
2026-09-12T22:31:00Z,station01,31.76,60.56,1007.17,2803,0
2026-09-12T22:32:00Z,station01,31.56,61.05,1006.95,2799,0
2026-09-12T22:33:00Z,station01,31.63,60.8,1007.06,2835,0
2026-09-12T22:34:00Z,station01,31.81,61.57,1007.2,2820,0
2026-09-12T22:35:00Z,station01,32.1,61.23,1006.93,2787,0
2026-09-12T22:36:00Z,station01,32.19,61.53,1007.1,2820,0
2026-09-12T22:37:00Z,station01,31.67,60.19,1007.23,2811,0
2026-09-12T22:38:00Z,station01,31.83,59.87,1007.37,2814,0
2026-09-12T22:39:00Z,station01,31.72,59.81,1007.14,2761,0
2026-09-12T22:40:00Z,station01,32.06,60.78,1007.3,2830,0
2026-09-12T22:41:00Z,station01,32.05,61.17,1007.42,2818,0
2026-09-12T22:42:00Z,station01,32.04,60.89,1007.46,2783,0
2026-09-12T22:43:00Z,station01,32.1,60.21,1007.37,2778,0
2026-09-12T22:44:00Z,station01,31.83,59.85,1007.27,2793,0
2026-09-12T22:45:00Z,station01,32.15,60.32,1007.12,2804,0
2026-09-12T22:46:00Z,station01,31.82,59.83,1007.31,2788,0
2026-09-12T22:47:00Z,station01,31.98,59.65,1007.29,2821,0
2026-09-12T22:48:00Z,station01,31.98,59.65,1007.28,2782,0
2026-09-12T22:49:00Z,station01,31.96,59.56,1007.31,2838,0
2026-09-12T22:50:00Z,station01,32.01,59.25,1007.06,2790,0
2026-09-12T22:51:00Z,station01,31.92,60.16,1007.4,2757,0
2026-09-12T22:52:00Z,station01,32.03,58.96,1007.35,2832,0
2026-09-12T22:53:00Z,station01,31.77,58.71,1007.37,2803,0
2026-09-12T22:54:00Z,station01,32.6,59.33,1007.17,2787,0
2026-09-12T22:55:00Z,station01,32.14,59.13,1007.33,2815,0
2026-09-12T22:56:00Z,station01,32.41,59.84,1007.36,2836,0
2026-09-12T22:57:00Z,station01,32.03,58.83,1007.54,2831,0
2026-09-12T22:58:00Z,station01,31.98,59.7,1007.44,2775,0
2026-09-12T22:59:00Z,station01,32.15,58.77,1007.36,2804,0
2026-09-12T23:00:00Z,station01,32.21,58.47,1007.26,2825,0
2026-09-12T23:01:00Z,station01,32.3,59.51,1007.48,2792,0
2026-09-12T23:02:00Z,station01,32.23,58.97,1007.34,2795,0
2026-09-12T23:03:00Z,station01,32.42,59.45,1007.39,2816,0
2026-09-12T23:04:00Z,station01,32.28,60.03,1007.44,2775,0
2026-09-12T23:05:00Z,station01,32.28,58.96,1007.49,2782,0
2026-09-12T23:06:00Z,station01,32.34,58.89,1007.67,2803,0
2026-09-12T23:07:00Z,station01,32.17,58.51,1007.6,2825,0
2026-09-12T23:08:00Z,station01,32.56,59.75,1007.5,2842,0
2026-09-12T23:09:00Z,station01,32.48,58.93,1007.33,2754,0
2026-09-12T23:10:00Z,station01,32.39,59.83,1007.57,2831,0
2026-09-12T23:11:00Z,station01,32.31,58.59,1007.62,2834,0
2026-09-12T23:12:00Z,station01,32.36,57.93,1007.47,2784,0
2026-09-12T23:13:00Z,station01,32.23,58.54,1007.36,2763,0
2026-09-12T23:14:00Z,station01,32.38,58.35,1007.48,2840,0
2026-09-12T23:15:00Z,station01,32.54,58.97,1007.56,2781,0
2026-09-12T23:16:00Z,station01,32.29,57.49,1007.47,2793,0
2026-09-12T23:17:00Z,station01,32.46,58.28,1007.6,2791,0
2026-09-12T23:18:00Z,station01,32.68,57.76,1007.64,2804,0
2026-09-12T23:19:00Z,station01,32.35,58.78,1007.63,2754,0
2026-09-12T23:20:00Z,station01,32.28,57.71,1007.53,2819,0
2026-09-12T23:21:00Z,station01,32.46,57.69,1007.67,2752,0
2026-09-12T23:22:00Z,station01,32.75,59.12,1007.56,2848,0
2026-09-12T23:23:00Z,station01,32.44,57.48,1007.58,2794,0
2026-09-12T23:24:00Z,station01,32.5,58.0,1007.57,2760,0
2026-09-12T23:25:00Z,station01,32.71,58.37,1007.76,2767,0
2026-09-12T23:26:00Z,station01,32.78,57.2,1007.55,2829,0
2026-09-12T23:27:00Z,station01,32.47,57.37,1007.71,2802,0
2026-09-12T23:28:00Z,station01,32.57,57.22,1007.55,2750,0
2026-09-12T23:29:00Z,station01,32.86,57.55,1007.69,2841,0
2026-09-12T23:30:00Z,station01,32.89,57.74,1007.66,2805,0
2026-09-12T23:31:00Z,station01,32.55,57.15,1007.81,2808,0
2026-09-12T23:32:00Z,station01,32.38,57.87,1007.71,2785,0
2026-09-12T23:33:00Z,station01,32.5,58.34,1007.81,2849,0
2026-09-12T23:34:00Z,station01,32.57,57.34,1007.8,2787,0
2026-09-12T23:35:00Z,station01,32.34,57.15,1007.81,2800,0
2026-09-12T23:36:00Z,station01,32.64,56.9,1007.69,2830,0
2026-09-12T23:37:00Z,station01,32.93,58.42,1007.89,2819,0
2026-09-12T23:38:00Z,station01,32.69,56.72,1007.86,2752,0
2026-09-12T23:39:00Z,station01,33.01,57.33,1007.85,2763,0
2026-09-12T23:40:00Z,station01,33.07,57.78,1007.98,2757,0
2026-09-12T23:41:00Z,station01,32.64,58.3,1008.01,2844,0
2026-09-12T23:42:00Z,station01,32.82,57.49,1007.86,2814,0
2026-09-12T23:43:00Z,station01,32.36,56.76,1007.82,2758,0
2026-09-12T23:44:00Z,station01,32.84,56.6,1007.77,2815,0
2026-09-12T23:45:00Z,station01,32.87,56.77,1007.98,2765,0
2026-09-12T23:46:00Z,station01,32.78,55.97,1007.84,2812,0
2026-09-12T23:47:00Z,station01,32.33,56.34,1007.77,2790,0
2026-09-12T23:48:00Z,station01,32.85,56.77,1007.78,2804,0
2026-09-12T23:49:00Z,station01,32.61,56.76,1007.82,2830,0
2026-09-12T23:50:00Z,station01,32.82,56.94,1007.64,2754,0
2026-09-12T23:51:00Z,station01,32.65,55.84,1007.97,2766,0
2026-09-12T23:52:00Z,station01,32.76,57.42,1007.86,2769,0
2026-09-12T23:53:00Z,station01,33.11,56.48,1007.87,2799,0
2026-09-12T23:54:00Z,station01,32.8,56.6,1007.99,2801,0
2026-09-12T23:55:00Z,station01,32.73,56.1,1008.01,2795,0
2026-09-12T23:56:00Z,station01,32.58,56.82,1007.91,2837,0
2026-09-12T23:57:00Z,station01,33.25,57.05,1007.92,2825,0
2026-09-12T23:58:00Z,station01,32.69,57.08,1008.08,2798,0
2026-09-12T23:59:00Z,station01,32.89,55.99,1007.88,2811,0
